"SpeciesName","LW_SVSPP","ln_a_andy","ln_a_surv","diff_ln_a","b_andy","b_surv","diff_b"
"ACADIAN REDFISH",155,-11.74027666,-11.4401,-0.30017666,3.203844152,3.1151,0.0887441519999999
"ACADIAN REDFISH",155,-11.74027666,-11.7713,0.0310233400000008,3.203844152,3.2297,-0.025855848
"ACADIAN REDFISH",155,-11.74027666,-11.7005,-0.0397766599999994,3.203844152,3.2036,0.000244152000000053
"ACADIAN REDFISH",155,-11.74027666,-11.4401,-0.30017666,3.205471032,3.1151,0.0903710320000002
"ACADIAN REDFISH",155,-11.74027666,-11.7713,0.0310233400000008,3.205471032,3.2297,-0.0242289679999996
"ACADIAN REDFISH",155,-11.74027666,-11.7005,-0.0397766599999994,3.205471032,3.2036,0.00187103200000038
"ACADIAN REDFISH",155,-11.74027666,-11.4401,-0.30017666,3.203671032,3.1151,0.0885710319999999
"ACADIAN REDFISH",155,-11.74027666,-11.7713,0.0310233400000008,3.203671032,3.2297,-0.0260289679999999
"ACADIAN REDFISH",155,-11.74027666,-11.7005,-0.0397766599999994,3.203671032,3.2036,7.10320000001374e-05
"ACADIAN REDFISH",155,-11.74027666,-11.4401,-0.30017666,3.206966824,3.1151,0.0918668240000002
"ACADIAN REDFISH",155,-11.74027666,-11.7713,0.0310233400000008,3.206966824,3.2297,-0.0227331759999996
"ACADIAN REDFISH",155,-11.74027666,-11.7005,-0.0397766599999994,3.206966824,3.2036,0.00336682400000043
"ALEWIFE",33,-12.07676507,-13.3875,1.31073493,3.26365382,3.6716,-0.40794618
"ALEWIFE",33,-12.07676507,-13.3875,1.31073493,3.243142971,3.6716,-0.428457029
"ALEWIFE",33,-12.07676507,-13.3875,1.31073493,3.253392874,3.6716,-0.418207126
"ALEWIFE",33,-12.07676507,-13.3875,1.31073493,3.257004728,3.6716,-0.414595272
"AMERICAN PLAICE",102,-12.8153193,-12.7168,-0.0985193000000013,3.317553601,3.279,0.0385536010000003
"AMERICAN PLAICE",102,-12.8153193,-12.9811,0.165780699999999,3.317553601,3.3641,-0.0465463989999999
"AMERICAN PLAICE",102,-12.8153193,-12.8117,-0.00361930000000044,3.317553601,3.3125,0.00505360100000019
"AMERICAN PLAICE",102,-12.8153193,-12.7168,-0.0985193000000013,3.307483752,3.279,0.0284837520000001
"AMERICAN PLAICE",102,-12.8153193,-12.9811,0.165780699999999,3.307483752,3.3641,-0.0566162480000001
"AMERICAN PLAICE",102,-12.8153193,-12.8117,-0.00361930000000044,3.307483752,3.3125,-0.005016248
"AMERICAN PLAICE",102,-12.8153193,-12.7168,-0.0985193000000013,3.316196875,3.279,0.0371968750000002
"AMERICAN PLAICE",102,-12.8153193,-12.9811,0.165780699999999,3.316196875,3.3641,-0.0479031249999999
"AMERICAN PLAICE",102,-12.8153193,-12.8117,-0.00361930000000044,3.316196875,3.3125,0.00369687500000015
"AMERICAN PLAICE",102,-12.8153193,-12.7168,-0.0985193000000013,3.327079679,3.279,0.0480796790000002
"AMERICAN PLAICE",102,-12.8153193,-12.9811,0.165780699999999,3.327079679,3.3641,-0.037020321
"AMERICAN PLAICE",102,-12.8153193,-12.8117,-0.00361930000000044,3.327079679,3.3125,0.0145796790000001
"AMERICAN SHAD",35,-12.31120078,-12.1377,-0.173500779999999,3.281273225,3.2207,0.0605732250000002
"AMERICAN SHAD",35,-12.31120078,-12.1377,-0.173500779999999,3.266211997,3.2207,0.0455119970000002
"AMERICAN SHAD",35,-12.31120078,-12.1377,-0.173500779999999,3.291762886,3.2207,0.071062886
"AMERICAN SHAD",35,-12.31120078,-12.1377,-0.173500779999999,3.279718944,3.2207,0.059018944
"ATLANTIC ANGEL SHARK",16,-11.57634655,-11.5279,-0.0484465499999995,2.978472231,2.9556,0.022872231
"ATLANTIC ANGEL SHARK",16,-11.57634655,-12.1095,0.53315345,2.978472231,3.107572,-0.129099769
"ATLANTIC ANGEL SHARK",16,-11.57634655,-11.807,0.23065345,2.978472231,3.026787,-0.0483147690000001
"ATLANTIC ANGEL SHARK",16,-11.57634655,-11.5279,-0.0484465499999995,2.971791937,2.9556,0.0161919369999999
"ATLANTIC ANGEL SHARK",16,-11.57634655,-12.1095,0.53315345,2.971791937,3.107572,-0.135780063
"ATLANTIC ANGEL SHARK",16,-11.57634655,-11.807,0.23065345,2.971791937,3.026787,-0.0549950630000002
"ATLANTIC ANGEL SHARK",16,-11.57634655,-11.5279,-0.0484465499999995,NA,2.9556,NA
"ATLANTIC ANGEL SHARK",16,-11.57634655,-12.1095,0.53315345,NA,3.107572,NA
"ATLANTIC ANGEL SHARK",16,-11.57634655,-11.807,0.23065345,NA,3.026787,NA
"ATLANTIC ANGEL SHARK",16,-11.57634655,-11.5279,-0.0484465499999995,2.965220504,2.9556,0.00962050399999992
"ATLANTIC ANGEL SHARK",16,-11.57634655,-12.1095,0.53315345,2.965220504,3.107572,-0.142351496
"ATLANTIC ANGEL SHARK",16,-11.57634655,-11.807,0.23065345,2.965220504,3.026787,-0.0615664960000002
"ATLANTIC COD",73,-11.89492273,-11.7803,-0.114622729999999,3.100279097,3.0606,0.0396790970000001
"ATLANTIC COD",73,-11.89492273,-12.405,0.51007727,3.100279097,3.2442,-0.143920903
"ATLANTIC COD",73,-11.89492273,-11.2373,-0.65762273,3.100279097,2.9826,0.117679097
"ATLANTIC COD",73,-11.89492273,-11.7803,-0.114622729999999,3.086503167,3.0606,0.0259031670000001
"ATLANTIC COD",73,-11.89492273,-12.405,0.51007727,3.086503167,3.2442,-0.157696833
"ATLANTIC COD",73,-11.89492273,-11.2373,-0.65762273,3.086503167,2.9826,0.103903167
"ATLANTIC COD",73,-11.89492273,-11.7803,-0.114622729999999,3.102033107,3.0606,0.041433107
"ATLANTIC COD",73,-11.89492273,-12.405,0.51007727,3.102033107,3.2442,-0.142166893
"ATLANTIC COD",73,-11.89492273,-11.2373,-0.65762273,3.102033107,2.9826,0.119433107
"ATLANTIC COD",73,-11.89492273,-11.7803,-0.114622729999999,3.093140611,3.0606,0.0325406109999999
"ATLANTIC COD",73,-11.89492273,-12.405,0.51007727,3.093140611,3.2442,-0.151059389
"ATLANTIC COD",73,-11.89492273,-11.2373,-0.65762273,3.093140611,2.9826,0.110540611
"ATLANTIC CROAKER",136,-11.71444087,-11.5983,-0.116140870000001,3.125974853,3.0924,0.0335748530000002
"ATLANTIC CROAKER",136,-11.71444087,-11.5983,-0.116140870000001,3.078311168,3.0924,-0.0140888320000001
"ATLANTIC CROAKER",136,-11.71444087,-11.5983,-0.116140870000001,NA,3.0924,NA
"ATLANTIC CROAKER",136,-11.71444087,-11.5983,-0.116140870000001,3.124919487,3.0924,0.0325194870000001
"ATLANTIC HALIBUT",101,-12.3621557,-12.0186,-0.343555700000001,3.229524716,3.14583,0.0836947159999997
"ATLANTIC HALIBUT",101,-12.3621557,-11.9883,-0.3738557,3.229524716,3.13871,0.0908147159999997
"ATLANTIC HALIBUT",101,-12.3621557,-12.5865,0.224344299999998,3.229524716,3.2674,-0.0378752840000001
"ATLANTIC HALIBUT",101,-12.3621557,-12.0186,-0.343555700000001,3.218855575,3.14583,0.073025575
"ATLANTIC HALIBUT",101,-12.3621557,-11.9883,-0.3738557,3.218855575,3.13871,0.080145575
"ATLANTIC HALIBUT",101,-12.3621557,-12.5865,0.224344299999998,3.218855575,3.2674,-0.0485444249999998
"ATLANTIC HALIBUT",101,-12.3621557,-12.0186,-0.343555700000001,3.22589095,3.14583,0.08006095
"ATLANTIC HALIBUT",101,-12.3621557,-11.9883,-0.3738557,3.22589095,3.13871,0.08718095
"ATLANTIC HALIBUT",101,-12.3621557,-12.5865,0.224344299999998,3.22589095,3.2674,-0.0415090499999997
"ATLANTIC HALIBUT",101,-12.3621557,-12.0186,-0.343555700000001,3.215517931,3.14583,0.0696879309999998
"ATLANTIC HALIBUT",101,-12.3621557,-11.9883,-0.3738557,3.215517931,3.13871,0.0768079309999998
"ATLANTIC HALIBUT",101,-12.3621557,-12.5865,0.224344299999998,3.215517931,3.2674,-0.0518820689999999
"ATLANTIC HERRING",32,-11.86540639,-11.7972,-0.0682063900000003,3.091202947,3.0314,0.0598029470000001
"ATLANTIC HERRING",32,-11.86540639,-11.5442,-0.32120639,3.091202947,2.9545,0.136702947
"ATLANTIC HERRING",32,-11.86540639,-11.56,-0.30540639,3.091202947,2.957,0.134202947
"ATLANTIC HERRING",32,-11.86540639,-11.7972,-0.0682063900000003,3.057292647,3.0314,0.025892647
"ATLANTIC HERRING",32,-11.86540639,-11.5442,-0.32120639,3.057292647,2.9545,0.102792647
"ATLANTIC HERRING",32,-11.86540639,-11.56,-0.30540639,3.057292647,2.957,0.100292647
"ATLANTIC HERRING",32,-11.86540639,-11.7972,-0.0682063900000003,3.104011443,3.0314,0.072611443
"ATLANTIC HERRING",32,-11.86540639,-11.5442,-0.32120639,3.104011443,2.9545,0.149511443
"ATLANTIC HERRING",32,-11.86540639,-11.56,-0.30540639,3.104011443,2.957,0.147011443
"ATLANTIC HERRING",32,-11.86540639,-11.7972,-0.0682063900000003,3.047716574,3.0314,0.0163165739999998
"ATLANTIC HERRING",32,-11.86540639,-11.5442,-0.32120639,3.047716574,2.9545,0.0932165739999999
"ATLANTIC HERRING",32,-11.86540639,-11.56,-0.30540639,3.047716574,2.957,0.090716574
"ATLANTIC MACKEREL",121,-12.72135876,-12.7288,0.00744124000000035,3.358269379,3.3305,0.0277693790000004
"ATLANTIC MACKEREL",121,-12.72135876,-12.6376,-0.0837587599999985,3.358269379,3.3006,0.057669379
"ATLANTIC MACKEREL",121,-12.72135876,-12.6713,-0.0500587599999989,3.358269379,3.3119,0.0463693790000002
"ATLANTIC MACKEREL",121,-12.72135876,-12.7288,0.00744124000000035,3.326620752,3.3305,-0.00387924799999961
"ATLANTIC MACKEREL",121,-12.72135876,-12.6376,-0.0837587599999985,3.326620752,3.3006,0.026020752
"ATLANTIC MACKEREL",121,-12.72135876,-12.6713,-0.0500587599999989,3.326620752,3.3119,0.0147207520000001
"ATLANTIC MACKEREL",121,-12.72135876,-12.7288,0.00744124000000035,3.350299847,3.3305,0.0197998470000003
"ATLANTIC MACKEREL",121,-12.72135876,-12.6376,-0.0837587599999985,3.350299847,3.3006,0.0496998469999999
"ATLANTIC MACKEREL",121,-12.72135876,-12.6713,-0.0500587599999989,3.350299847,3.3119,0.038399847
"ATLANTIC MACKEREL",121,-12.72135876,-12.7288,0.00744124000000035,3.326828836,3.3305,-0.003671164
"ATLANTIC MACKEREL",121,-12.72135876,-12.6376,-0.0837587599999985,3.326828836,3.3006,0.0262288359999996
"ATLANTIC MACKEREL",121,-12.72135876,-12.6713,-0.0500587599999989,3.326828836,3.3119,0.0149288359999997
"ATLANTIC SHARPNOSE SHARK",360,-12.96883826,-12.8361,-0.13273826,3.137834411,3.1069,0.0309344110000001
"ATLANTIC SHARPNOSE SHARK",360,-12.96883826,-12.8361,-0.13273826,3.139932147,3.1069,0.0330321470000001
"ATLANTIC SHARPNOSE SHARK",360,-12.96883826,-12.8361,-0.13273826,NA,3.1069,NA
"ATLANTIC SHARPNOSE SHARK",360,-12.96883826,-12.8361,-0.13273826,NA,3.1069,NA
"ATLANTIC SPADEFISH",659,-9.953616673,-10.1466,0.192983326999999,NA,2.938,NA
"ATLANTIC SPADEFISH",659,-9.953616673,-10.1466,0.192983326999999,2.884269573,2.938,-0.0537304270000001
"ATLANTIC SPADEFISH",659,-9.953616673,-10.1466,0.192983326999999,NA,2.938,NA
"ATLANTIC SPADEFISH",659,-9.953616673,-10.1466,0.192983326999999,NA,2.938,NA
"ATLANTIC STURGEON",380,-13.2503533,-14.2902,1.0398467,3.238140167,3.4547,-0.216559833
"ATLANTIC STURGEON",380,-13.2503533,-14.2902,1.0398467,3.245961875,3.4547,-0.208738125
"ATLANTIC STURGEON",380,-13.2503533,-14.2902,1.0398467,NA,3.4547,NA
"ATLANTIC STURGEON",380,-13.2503533,-14.2902,1.0398467,3.333598752,3.4547,-0.121101248
"ATLANTIC THREAD HERRING",428,-12.97846673,-12.9785,3.32700000011954e-05,3.724175396,3.7242,-2.46040000000392e-05
"ATLANTIC THREAD HERRING",428,-12.97846673,-12.9785,3.32700000011954e-05,NA,3.7242,NA
"ATLANTIC THREAD HERRING",428,-12.97846673,-12.9785,3.32700000011954e-05,NA,3.7242,NA
"ATLANTIC THREAD HERRING",428,-12.97846673,-12.9785,3.32700000011954e-05,NA,3.7242,NA
"ATLANTIC TORPEDO",21,-10.86446651,-14.4803,3.61583349,2.98486383,3.8164,-0.83153617
"ATLANTIC TORPEDO",21,-10.86446651,-14.4803,3.61583349,2.980020938,3.8164,-0.836379062
"ATLANTIC TORPEDO",21,-10.86446651,-14.4803,3.61583349,2.987227284,3.8164,-0.829172716
"ATLANTIC TORPEDO",21,-10.86446651,-14.4803,3.61583349,2.986878926,3.8164,-0.829521074
"ATLANTIC WOLFFISH",192,-11.85260089,-12.2186,0.365999110000001,3.047350336,3.1439,-0.0965496639999999
"ATLANTIC WOLFFISH",192,-11.85260089,-12.4215,0.56889911,3.047350336,3.204004,-0.156653664
"ATLANTIC WOLFFISH",192,-11.85260089,-11.0674,-0.78520089,3.047350336,2.879549,0.167801336
"ATLANTIC WOLFFISH",192,-11.85260089,-12.2186,0.365999110000001,3.047409249,3.1439,-0.0964907509999997
"ATLANTIC WOLFFISH",192,-11.85260089,-12.4215,0.56889911,3.047409249,3.204004,-0.156594751
"ATLANTIC WOLFFISH",192,-11.85260089,-11.0674,-0.78520089,3.047409249,2.879549,0.167860249
"ATLANTIC WOLFFISH",192,-11.85260089,-12.2186,0.365999110000001,3.075742721,3.1439,-0.0681572789999998
"ATLANTIC WOLFFISH",192,-11.85260089,-12.4215,0.56889911,3.075742721,3.204004,-0.128261279
"ATLANTIC WOLFFISH",192,-11.85260089,-11.0674,-0.78520089,3.075742721,2.879549,0.196193721
"ATLANTIC WOLFFISH",192,-11.85260089,-12.2186,0.365999110000001,3.052465548,3.1439,-0.0914344520000001
"ATLANTIC WOLFFISH",192,-11.85260089,-12.4215,0.56889911,3.052465548,3.204004,-0.151538452
"ATLANTIC WOLFFISH",192,-11.85260089,-11.0674,-0.78520089,3.052465548,2.879549,0.172916548
"BARNDOOR SKATE",22,-13.26337709,-13.1026,-0.16077709,3.266646849,3.2433,0.0233468489999997
"BARNDOOR SKATE",22,-13.26337709,-13.3224,0.0590229099999995,3.266646849,3.2919,-0.0252531510000003
"BARNDOOR SKATE",22,-13.26337709,-13.1026,-0.16077709,3.256217269,3.2433,0.0129172689999999
"BARNDOOR SKATE",22,-13.26337709,-13.3224,0.0590229099999995,3.256217269,3.2919,-0.0356827310000001
"BARNDOOR SKATE",22,-13.26337709,-13.1026,-0.16077709,3.266694653,3.2433,0.023394653
"BARNDOOR SKATE",22,-13.26337709,-13.3224,0.0590229099999995,3.266694653,3.2919,-0.025205347
"BARNDOOR SKATE",22,-13.26337709,-13.1026,-0.16077709,3.262417923,3.2433,0.019117923
"BARNDOOR SKATE",22,-13.26337709,-13.3224,0.0590229099999995,3.262417923,3.2919,-0.0294820769999999
"BLACK SEA BASS",141,-11.21594193,-11.1223,-0.0936419300000004,3.004252302,2.97213,0.0321223019999999
"BLACK SEA BASS",141,-11.21594193,-10.9315,-0.28444193,3.004252302,2.90928,0.094972302
"BLACK SEA BASS",141,-11.21594193,-11.5992,0.38325807,3.004252302,3.122,-0.117747698
"BLACK SEA BASS",141,-11.21594193,-11.1223,-0.0936419300000004,2.991678273,2.97213,0.0195482730000003
"BLACK SEA BASS",141,-11.21594193,-10.9315,-0.28444193,2.991678273,2.90928,0.0823982730000004
"BLACK SEA BASS",141,-11.21594193,-11.5992,0.38325807,2.991678273,3.122,-0.130321727
"BLACK SEA BASS",141,-11.21594193,-11.1223,-0.0936419300000004,NA,2.97213,NA
"BLACK SEA BASS",141,-11.21594193,-10.9315,-0.28444193,NA,2.90928,NA
"BLACK SEA BASS",141,-11.21594193,-11.5992,0.38325807,NA,3.122,NA
"BLACK SEA BASS",141,-11.21594193,-11.1223,-0.0936419300000004,2.994252398,2.97213,0.022122398
"BLACK SEA BASS",141,-11.21594193,-10.9315,-0.28444193,2.994252398,2.90928,0.0849723980000001
"BLACK SEA BASS",141,-11.21594193,-11.5992,0.38325807,2.994252398,3.122,-0.127747602
"BLACKBELLY ROSEFISH",156,-11.26550344,-11.1324,-0.133103439999999,3.088300014,3.0512,0.037100014
"BLACKBELLY ROSEFISH",156,-11.26550344,-11.1324,-0.133103439999999,3.084631503,3.0512,0.0334315030000001
"BLACKBELLY ROSEFISH",156,-11.26550344,-11.1324,-0.133103439999999,3.090863962,3.0512,0.0396639619999997
"BLACKBELLY ROSEFISH",156,-11.26550344,-11.1324,-0.133103439999999,3.04922569,3.0512,-0.00197431000000003
"BLUEBACK HERRING",34,-12.91480115,-12.2146,-0.70020115,3.485335291,3.2428,0.242535291
"BLUEBACK HERRING",34,-12.91480115,-12.2146,-0.70020115,3.477480874,3.2428,0.234680874
"BLUEBACK HERRING",34,-12.91480115,-12.2146,-0.70020115,NA,3.2428,NA
"BLUEBACK HERRING",34,-12.91480115,-12.2146,-0.70020115,3.480649163,3.2428,0.237849163
"BLUEFISH",135,-11.53869896,-10.5744,-0.964298959999999,3.07924548,2.804,0.27524548
"BLUEFISH",135,-11.53869896,-11.0421,-0.49659896,3.07924548,2.9718,0.10744548
"BLUEFISH",135,-11.53869896,-10.6743,-0.864398959999999,3.07924548,2.8647,0.21454548
"BLUEFISH",135,-11.53869896,-10.5744,-0.964298959999999,3.055960122,2.804,0.251960122
"BLUEFISH",135,-11.53869896,-11.0421,-0.49659896,3.055960122,2.9718,0.0841601220000001
"BLUEFISH",135,-11.53869896,-10.6743,-0.864398959999999,3.055960122,2.8647,0.191260122
"BLUEFISH",135,-11.53869896,-10.5744,-0.964298959999999,3.037791717,2.804,0.233791717
"BLUEFISH",135,-11.53869896,-11.0421,-0.49659896,3.037791717,2.9718,0.0659917170000002
"BLUEFISH",135,-11.53869896,-10.6743,-0.864398959999999,3.037791717,2.8647,0.173091717
"BLUEFISH",135,-11.53869896,-10.5744,-0.964298959999999,3.064406449,2.804,0.260406449
"BLUEFISH",135,-11.53869896,-11.0421,-0.49659896,3.064406449,2.9718,0.0926064489999998
"BLUEFISH",135,-11.53869896,-10.6743,-0.864398959999999,3.064406449,2.8647,0.199706449
"BLUNTNOSE STINGRAY",18,-10.62276974,-10.6501,0.0273302599999994,3.150218973,3.17029,-0.0200710270000002
"BLUNTNOSE STINGRAY",18,-10.62276974,-11.4107,0.78793026,3.150218973,3.36072,-0.210501027
"BLUNTNOSE STINGRAY",18,-10.62276974,-10.4005,-0.222269740000002,3.150218973,3.11163,0.038588973
"BLUNTNOSE STINGRAY",18,-10.62276974,-10.6501,0.0273302599999994,3.154524459,3.17029,-0.0157655409999999
"BLUNTNOSE STINGRAY",18,-10.62276974,-11.4107,0.78793026,3.154524459,3.36072,-0.206195541
"BLUNTNOSE STINGRAY",18,-10.62276974,-10.4005,-0.222269740000002,3.154524459,3.11163,0.0428944590000002
"BLUNTNOSE STINGRAY",18,-10.62276974,-10.6501,0.0273302599999994,NA,3.17029,NA
"BLUNTNOSE STINGRAY",18,-10.62276974,-11.4107,0.78793026,NA,3.36072,NA
"BLUNTNOSE STINGRAY",18,-10.62276974,-10.4005,-0.222269740000002,NA,3.11163,NA
"BLUNTNOSE STINGRAY",18,-10.62276974,-10.6501,0.0273302599999994,3.133747622,3.17029,-0.036542378
"BLUNTNOSE STINGRAY",18,-10.62276974,-11.4107,0.78793026,3.133747622,3.36072,-0.226972378
"BLUNTNOSE STINGRAY",18,-10.62276974,-10.4005,-0.222269740000002,3.133747622,3.11163,0.0221176220000001
"BUCKLER DORY",112,-10.79047206,-11.3806,0.590127939999999,2.855108656,3.0387,-0.183591344
"BUCKLER DORY",112,-10.79047206,-11.3806,0.590127939999999,2.866583729,3.0387,-0.172116271
"BUCKLER DORY",112,-10.79047206,-11.3806,0.590127939999999,NA,3.0387,NA
"BUCKLER DORY",112,-10.79047206,-11.3806,0.590127939999999,2.876163094,3.0387,-0.162536906
"BULLNOSE RAY",19,-11.73582619,-12.1806,0.444773810000001,3.16913246,3.2885,-0.11936754
"BULLNOSE RAY",19,-11.73582619,-12.1806,0.444773810000001,3.190929438,3.2885,-0.097570562
"BULLNOSE RAY",19,-11.73582619,-12.1806,0.444773810000001,NA,3.2885,NA
"BULLNOSE RAY",19,-11.73582619,-12.1806,0.444773810000001,3.158267204,3.2885,-0.130232796
"BUTTERFISH",131,-11.03929365,-11.6824,0.64310635,3.075080859,3.293,-0.217919141
"BUTTERFISH",131,-11.03929365,-11.6824,0.64310635,3.037875415,3.293,-0.255124585
"BUTTERFISH",131,-11.03929365,-11.6824,0.64310635,3.053852379,3.293,-0.239147621
"BUTTERFISH",131,-11.03929365,-11.6824,0.64310635,3.038974508,3.293,-0.254025492
"CHAIN DOGFISH",14,-12.87205834,-12.9053,0.0332416599999998,3.113354459,3.1282,-0.0148455410000001
"CHAIN DOGFISH",14,-12.87205834,-13.590457,0.71839866,3.113354459,3.334267,-0.220912541
"CHAIN DOGFISH",14,-12.87205834,-13.680266,0.808207659999999,3.113354459,3.369616,-0.256261541
"CHAIN DOGFISH",14,-12.87205834,-12.9053,0.0332416599999998,3.150986401,3.1282,0.0227864009999998
"CHAIN DOGFISH",14,-12.87205834,-13.590457,0.71839866,3.150986401,3.334267,-0.183280599
"CHAIN DOGFISH",14,-12.87205834,-13.680266,0.808207659999999,3.150986401,3.369616,-0.218629599
"CHAIN DOGFISH",14,-12.87205834,-12.9053,0.0332416599999998,NA,3.1282,NA
"CHAIN DOGFISH",14,-12.87205834,-13.590457,0.71839866,NA,3.334267,NA
"CHAIN DOGFISH",14,-12.87205834,-13.680266,0.808207659999999,NA,3.369616,NA
"CHAIN DOGFISH",14,-12.87205834,-12.9053,0.0332416599999998,3.12257822,3.1282,-0.00562178000000024
"CHAIN DOGFISH",14,-12.87205834,-13.590457,0.71839866,3.12257822,3.334267,-0.21168878
"CHAIN DOGFISH",14,-12.87205834,-13.680266,0.808207659999999,3.12257822,3.369616,-0.24703778
"CLEARNOSE SKATE",24,-13.32343694,-13.8683,0.544863059999999,3.285866559,3.4235,-0.137633441
"CLEARNOSE SKATE",24,-13.32343694,-13.8683,0.544863059999999,3.290511879,3.4235,-0.132988121
"CLEARNOSE SKATE",24,-13.32343694,-13.8683,0.544863059999999,3.369022183,3.4235,-0.0544778170000004
"CLEARNOSE SKATE",24,-13.32343694,-13.8683,0.544863059999999,3.283444901,3.4235,-0.140055099
"COWNOSE RAY",270,-11.5079003,-11.44102,-0.0668802999999993,3.128754706,3.1137,0.0150547059999999
"COWNOSE RAY",270,-11.5079003,-11.59491,0.0870097000000012,3.128754706,3.14828,-0.0195252940000001
"COWNOSE RAY",270,-11.5079003,-11.50812,0.0002197000000006,3.128754706,3.12863,0.000124706000000252
"COWNOSE RAY",270,-11.5079003,-11.44102,-0.0668802999999993,3.056635517,3.1137,-0.057064483
"COWNOSE RAY",270,-11.5079003,-11.59491,0.0870097000000012,3.056635517,3.14828,-0.0916444830000001
"COWNOSE RAY",270,-11.5079003,-11.50812,0.0002197000000006,3.056635517,3.12863,-0.0719944829999997
"COWNOSE RAY",270,-11.5079003,-11.44102,-0.0668802999999993,NA,3.1137,NA
"COWNOSE RAY",270,-11.5079003,-11.59491,0.0870097000000012,NA,3.14828,NA
"COWNOSE RAY",270,-11.5079003,-11.50812,0.0002197000000006,NA,3.12863,NA
"COWNOSE RAY",270,-11.5079003,-11.44102,-0.0668802999999993,NA,3.1137,NA
"COWNOSE RAY",270,-11.5079003,-11.59491,0.0870097000000012,NA,3.14828,NA
"COWNOSE RAY",270,-11.5079003,-11.50812,0.0002197000000006,NA,3.12863,NA
"CUNNER",176,-11.7798579,-11.4529,-0.3269579,3.221287626,3.16067,0.060617626
"CUNNER",176,-11.7798579,-11.5785,-0.2013579,3.221287626,3.2117,0.00958762600000007
"CUNNER",176,-11.7798579,-11.1034,-0.676457899999999,3.221287626,3.0162,0.205087626
"CUNNER",176,-11.7798579,-11.4529,-0.3269579,3.215209578,3.16067,0.054539578
"CUNNER",176,-11.7798579,-11.5785,-0.2013579,3.215209578,3.2117,0.00350957800000007
"CUNNER",176,-11.7798579,-11.1034,-0.676457899999999,3.215209578,3.0162,0.199009578
"CUNNER",176,-11.7798579,-11.4529,-0.3269579,3.21497614,3.16067,0.05430614
"CUNNER",176,-11.7798579,-11.5785,-0.2013579,3.21497614,3.2117,0.00327614000000009
"CUNNER",176,-11.7798579,-11.1034,-0.676457899999999,3.21497614,3.0162,0.19877614
"CUNNER",176,-11.7798579,-11.4529,-0.3269579,3.220821567,3.16067,0.0601515670000001
"CUNNER",176,-11.7798579,-11.5785,-0.2013579,3.220821567,3.2117,0.00912156700000022
"CUNNER",176,-11.7798579,-11.1034,-0.676457899999999,3.220821567,3.0162,0.204621567
"CUSK",84,-12.35376836,-12.0756,-0.27816836,3.206301214,3.14803,0.0582712139999999
"CUSK",84,-12.35376836,-12.0186,-0.335168360000001,3.206301214,3.13081,0.0754912139999999
"CUSK",84,-12.35376836,-12.214,-0.13976836,3.206301214,3.1785,0.0278012139999997
"CUSK",84,-12.35376836,-12.0756,-0.27816836,3.213021029,3.14803,0.0649910290000002
"CUSK",84,-12.35376836,-12.0186,-0.335168360000001,3.213021029,3.13081,0.0822110290000002
"CUSK",84,-12.35376836,-12.214,-0.13976836,3.213021029,3.1785,0.034521029
"CUSK",84,-12.35376836,-12.0756,-0.27816836,3.208942962,3.14803,0.0609129620000002
"CUSK",84,-12.35376836,-12.0186,-0.335168360000001,3.208942962,3.13081,0.0781329620000002
"CUSK",84,-12.35376836,-12.214,-0.13976836,3.208942962,3.1785,0.030442962
"CUSK",84,-12.35376836,-12.0756,-0.27816836,3.232869574,3.14803,0.0848395740000001
"CUSK",84,-12.35376836,-12.0186,-0.335168360000001,3.232869574,3.13081,0.102059574
"CUSK",84,-12.35376836,-12.214,-0.13976836,3.232869574,3.1785,0.0543695739999999
"FAWN CUSK-EEL",194,-13.02665473,-12.94296,-0.0836947300000013,3.000422661,2.97184,0.0285826610000002
"FAWN CUSK-EEL",194,-13.02665473,-12.82463,-0.20202473,3.000422661,2.93256,0.0678626609999999
"FAWN CUSK-EEL",194,-13.02665473,-13.3579,0.33124527,3.000422661,3.11461,-0.114187339
"FAWN CUSK-EEL",194,-13.02665473,-12.94296,-0.0836947300000013,2.994988377,2.97184,0.0231483770000001
"FAWN CUSK-EEL",194,-13.02665473,-12.82463,-0.20202473,2.994988377,2.93256,0.0624283769999998
"FAWN CUSK-EEL",194,-13.02665473,-13.3579,0.33124527,2.994988377,3.11461,-0.119621623
"FAWN CUSK-EEL",194,-13.02665473,-12.94296,-0.0836947300000013,2.962421915,2.97184,-0.00941808499999963
"FAWN CUSK-EEL",194,-13.02665473,-12.82463,-0.20202473,2.962421915,2.93256,0.0298619150000001
"FAWN CUSK-EEL",194,-13.02665473,-13.3579,0.33124527,2.962421915,3.11461,-0.152188085
"FAWN CUSK-EEL",194,-13.02665473,-12.94296,-0.0836947300000013,2.980204816,2.97184,0.00836481600000027
"FAWN CUSK-EEL",194,-13.02665473,-12.82463,-0.20202473,2.980204816,2.93256,0.047644816
"FAWN CUSK-EEL",194,-13.02665473,-13.3579,0.33124527,2.980204816,3.11461,-0.134405184
"FOURSPOT FLOUNDER",104,-12.36562232,-12.3202,-0.0454223200000001,3.163787481,3.1463,0.0174874809999999
"FOURSPOT FLOUNDER",104,-12.36562232,-12.2648,-0.100822320000001,3.163787481,3.1239,0.0398874810000001
"FOURSPOT FLOUNDER",104,-12.36562232,-12.5568,0.191177680000001,3.163787481,3.2213,-0.0575125189999999
"FOURSPOT FLOUNDER",104,-12.36562232,-12.3202,-0.0454223200000001,3.163083338,3.1463,0.0167833379999998
"FOURSPOT FLOUNDER",104,-12.36562232,-12.2648,-0.100822320000001,3.163083338,3.1239,0.039183338
"FOURSPOT FLOUNDER",104,-12.36562232,-12.5568,0.191177680000001,3.163083338,3.2213,-0.058216662
"FOURSPOT FLOUNDER",104,-12.36562232,-12.3202,-0.0454223200000001,3.144255859,3.1463,-0.00204414100000028
"FOURSPOT FLOUNDER",104,-12.36562232,-12.2648,-0.100822320000001,3.144255859,3.1239,0.0203558589999999
"FOURSPOT FLOUNDER",104,-12.36562232,-12.5568,0.191177680000001,3.144255859,3.2213,-0.077044141
"FOURSPOT FLOUNDER",104,-12.36562232,-12.3202,-0.0454223200000001,3.158076962,3.1463,0.0117769619999999
"FOURSPOT FLOUNDER",104,-12.36562232,-12.2648,-0.100822320000001,3.158076962,3.1239,0.0341769620000001
"FOURSPOT FLOUNDER",104,-12.36562232,-12.5568,0.191177680000001,3.158076962,3.2213,-0.0632230379999998
"GOOSEFISH",197,-10.8077376,-10.553,-0.254737599999999,2.936921856,2.8696,0.067321856
"GOOSEFISH",197,-10.8077376,-10.869,0.0612624000000004,2.936921856,2.9608,-0.0238781439999998
"GOOSEFISH",197,-10.8077376,-10.7668,-0.0409375999999995,2.936921856,2.9302,0.00672185599999997
"GOOSEFISH",197,-10.8077376,-10.553,-0.254737599999999,2.930069433,2.8696,0.0604694329999997
"GOOSEFISH",197,-10.8077376,-10.869,0.0612624000000004,2.930069433,2.9608,-0.030730567
"GOOSEFISH",197,-10.8077376,-10.7668,-0.0409375999999995,2.930069433,2.9302,-0.000130567000000248
"GOOSEFISH",197,-10.8077376,-10.553,-0.254737599999999,2.950653977,2.8696,0.0810539769999998
"GOOSEFISH",197,-10.8077376,-10.869,0.0612624000000004,2.950653977,2.9608,-0.0101460229999999
"GOOSEFISH",197,-10.8077376,-10.7668,-0.0409375999999995,2.950653977,2.9302,0.0204539769999998
"GOOSEFISH",197,-10.8077376,-10.553,-0.254737599999999,2.939798984,2.8696,0.0701989839999997
"GOOSEFISH",197,-10.8077376,-10.869,0.0612624000000004,2.939798984,2.9608,-0.021001016
"GOOSEFISH",197,-10.8077376,-10.7668,-0.0409375999999995,2.939798984,2.9302,0.0095989839999997
"GREATER AMBERJACK",203,-9.866339749,-10.0778,0.211460251,2.699978503,2.83,-0.130021497
"GREATER AMBERJACK",203,-9.866339749,-10.9533,1.086960251,2.699978503,2.96,-0.260021497
"GREATER AMBERJACK",203,-9.866339749,-10.3343,0.467960251000001,2.699978503,2.87,-0.170021497
"GREATER AMBERJACK",203,-9.866339749,-10.0778,0.211460251,NA,2.83,NA
"GREATER AMBERJACK",203,-9.866339749,-10.9533,1.086960251,NA,2.96,NA
"GREATER AMBERJACK",203,-9.866339749,-10.3343,0.467960251000001,NA,2.87,NA
"GREATER AMBERJACK",203,-9.866339749,-10.0778,0.211460251,NA,2.83,NA
"GREATER AMBERJACK",203,-9.866339749,-10.9533,1.086960251,NA,2.96,NA
"GREATER AMBERJACK",203,-9.866339749,-10.3343,0.467960251000001,NA,2.87,NA
"GREATER AMBERJACK",203,-9.866339749,-10.0778,0.211460251,NA,2.83,NA
"GREATER AMBERJACK",203,-9.866339749,-10.9533,1.086960251,NA,2.96,NA
"GREATER AMBERJACK",203,-9.866339749,-10.3343,0.467960251000001,NA,2.87,NA
"HADDOCK",74,-11.8142393,-11.7438,-0.0704393000000003,3.085779312,3.0572,0.0285793120000002
"HADDOCK",74,-11.8142393,-11.8655,0.0512607000000003,3.085779312,3.0949,-0.00912068799999988
"HADDOCK",74,-11.8142393,-11.8062,-0.00803930000000008,3.085779312,3.0766,0.00917931200000011
"HADDOCK",74,-11.8142393,-11.7438,-0.0704393000000003,3.066089638,3.0572,0.00888963799999987
"HADDOCK",74,-11.8142393,-11.8655,0.0512607000000003,3.066089638,3.0949,-0.0288103620000002
"HADDOCK",74,-11.8142393,-11.8062,-0.00803930000000008,3.066089638,3.0766,-0.0105103620000002
"HADDOCK",74,-11.8142393,-11.7438,-0.0704393000000003,3.096269364,3.0572,0.0390693639999999
"HADDOCK",74,-11.8142393,-11.8655,0.0512607000000003,3.096269364,3.0949,0.00136936399999987
"HADDOCK",74,-11.8142393,-11.8062,-0.00803930000000008,3.096269364,3.0766,0.0196693639999999
"HADDOCK",74,-11.8142393,-11.7438,-0.0704393000000003,3.078278182,3.0572,0.0210781820000001
"HADDOCK",74,-11.8142393,-11.8655,0.0512607000000003,3.078278182,3.0949,-0.016621818
"HADDOCK",74,-11.8142393,-11.8062,-0.00803930000000008,3.078278182,3.0766,0.00167818200000003
"LITTLE SKATE",26,-12.47636321,-12.4462,-0.0301632100000013,3.120495056,3.128,-0.0075049439999999
"LITTLE SKATE",26,-12.47636321,-12.4462,-0.0301632100000013,3.130384566,3.128,0.00238456599999992
"LITTLE SKATE",26,-12.47636321,-12.4462,-0.0301632100000013,3.126636356,3.128,-0.001363644
"LITTLE SKATE",26,-12.47636321,-12.4462,-0.0301632100000013,3.120979292,3.128,-0.00702070800000021
"LONGHORN SCULPIN",163,-11.66607663,-11.8348,0.16872337,3.056686402,3.1067,-0.050013598
"LONGHORN SCULPIN",163,-11.66607663,-11.8348,0.16872337,3.052283727,3.1067,-0.0544162730000002
"LONGHORN SCULPIN",163,-11.66607663,-11.8348,0.16872337,3.055538172,3.1067,-0.0511618280000001
"LONGHORN SCULPIN",163,-11.66607663,-11.8348,0.16872337,3.056148633,3.1067,-0.0505513670000002
"NORTHERN KINGFISH",146,-11.86548277,-12.29247,0.42698723,3.121397091,3.25342,-0.132022909
"NORTHERN KINGFISH",146,-11.86548277,-11.61888,-0.246602769999999,3.121397091,3.05365,0.0677470909999998
"NORTHERN KINGFISH",146,-11.86548277,-12.1033,0.237817230000001,3.121397091,3.18911,-0.0677129089999999
"NORTHERN KINGFISH",146,-11.86548277,-12.29247,0.42698723,3.095822374,3.25342,-0.157597626
"NORTHERN KINGFISH",146,-11.86548277,-11.61888,-0.246602769999999,3.095822374,3.05365,0.0421723739999997
"NORTHERN KINGFISH",146,-11.86548277,-12.1033,0.237817230000001,3.095822374,3.18911,-0.093287626
"NORTHERN KINGFISH",146,-11.86548277,-12.29247,0.42698723,NA,3.25342,NA
"NORTHERN KINGFISH",146,-11.86548277,-11.61888,-0.246602769999999,NA,3.05365,NA
"NORTHERN KINGFISH",146,-11.86548277,-12.1033,0.237817230000001,NA,3.18911,NA
"NORTHERN KINGFISH",146,-11.86548277,-12.29247,0.42698723,NA,3.25342,NA
"NORTHERN KINGFISH",146,-11.86548277,-11.61888,-0.246602769999999,NA,3.05365,NA
"NORTHERN KINGFISH",146,-11.86548277,-12.1033,0.237817230000001,NA,3.18911,NA
"NORTHERN SEAROBIN",171,-11.78582755,-11.17267,-0.61315755,3.080051355,2.85468,0.225371355
"NORTHERN SEAROBIN",171,-11.78582755,-11.74971,-0.0361175500000002,3.080051355,3.04068,0.0393713550000001
"NORTHERN SEAROBIN",171,-11.78582755,-11.87467,0.0888424499999996,3.080051355,3.093,-0.0129486449999998
"NORTHERN SEAROBIN",171,-11.78582755,-11.17267,-0.61315755,3.070435493,2.85468,0.215755493
"NORTHERN SEAROBIN",171,-11.78582755,-11.74971,-0.0361175500000002,3.070435493,3.04068,0.0297554930000001
"NORTHERN SEAROBIN",171,-11.78582755,-11.87467,0.0888424499999996,3.070435493,3.093,-0.0225645069999998
"NORTHERN SEAROBIN",171,-11.78582755,-11.17267,-0.61315755,3.113759933,2.85468,0.259079933
"NORTHERN SEAROBIN",171,-11.78582755,-11.74971,-0.0361175500000002,3.113759933,3.04068,0.0730799329999998
"NORTHERN SEAROBIN",171,-11.78582755,-11.87467,0.0888424499999996,3.113759933,3.093,0.0207599329999999
"NORTHERN SEAROBIN",171,-11.78582755,-11.17267,-0.61315755,3.055009342,2.85468,0.200329342
"NORTHERN SEAROBIN",171,-11.78582755,-11.74971,-0.0361175500000002,3.055009342,3.04068,0.0143293419999999
"NORTHERN SEAROBIN",171,-11.78582755,-11.87467,0.0888424499999996,3.055009342,3.093,-0.037990658
"OCEAN POUT",193,-13.44436422,-13.6429,0.198535779999998,3.282195789,3.3459,-0.0637042109999997
"OCEAN POUT",193,-13.44436422,-13.6429,0.198535779999998,3.288394675,3.3459,-0.0575053249999997
"OCEAN POUT",193,-13.44436422,-13.6429,0.198535779999998,3.305201679,3.3459,-0.0406983209999998
"OCEAN POUT",193,-13.44436422,-13.6429,0.198535779999998,3.280594607,3.3459,-0.065305393
"OFFSHORE HAKE",69,-12.08070601,-12.2964,0.21569399,3.079355194,3.1323,-0.0529448059999997
"OFFSHORE HAKE",69,-12.08070601,-11.5949,-0.485806009999999,3.079355194,2.9323,0.147055194
"OFFSHORE HAKE",69,-12.08070601,-12.2964,0.21569399,3.070505174,3.1323,-0.0617948259999999
"OFFSHORE HAKE",69,-12.08070601,-11.5949,-0.485806009999999,3.070505174,2.9323,0.138205174
"OFFSHORE HAKE",69,-12.08070601,-12.2964,0.21569399,NA,3.1323,NA
"OFFSHORE HAKE",69,-12.08070601,-11.5949,-0.485806009999999,NA,2.9323,NA
"OFFSHORE HAKE",69,-12.08070601,-12.2964,0.21569399,3.062257245,3.1323,-0.0700427549999998
"OFFSHORE HAKE",69,-12.08070601,-11.5949,-0.485806009999999,3.062257245,2.9323,0.129957245
"POLLOCK",75,-11.82182668,-11.5181,-0.303726679999999,3.102495116,3.02352,0.0789751160000001
"POLLOCK",75,-11.82182668,-11.5782,-0.243626679999998,3.102495116,3.03831,0.064185116
"POLLOCK",75,-11.82182668,-11.9004,0.0785733200000003,3.102495116,3.1024,9.51160000002282e-05
"POLLOCK",75,-11.82182668,-11.5181,-0.303726679999999,3.075804234,3.02352,0.052284234
"POLLOCK",75,-11.82182668,-11.5782,-0.243626679999998,3.075804234,3.03831,0.037494234
"POLLOCK",75,-11.82182668,-11.9004,0.0785733200000003,3.075804234,3.1024,-0.0265957659999998
"POLLOCK",75,-11.82182668,-11.5181,-0.303726679999999,3.096862721,3.02352,0.0733427209999999
"POLLOCK",75,-11.82182668,-11.5782,-0.243626679999998,3.096862721,3.03831,0.0585527209999999
"POLLOCK",75,-11.82182668,-11.9004,0.0785733200000003,3.096862721,3.1024,-0.0055372789999999
"POLLOCK",75,-11.82182668,-11.5181,-0.303726679999999,3.070236431,3.02352,0.0467164310000001
"POLLOCK",75,-11.82182668,-11.5782,-0.243626679999998,3.070236431,3.03831,0.031926431
"POLLOCK",75,-11.82182668,-11.9004,0.0785733200000003,3.070236431,3.1024,-0.0321635689999997
"RED HAKE",77,-12.28119814,-12.6066,0.325401859999999,3.090659848,3.1684,-0.0777401520000001
"RED HAKE",77,-12.28119814,-12.3743,0.0931018599999991,3.090659848,3.0979,-0.00724015200000006
"RED HAKE",77,-12.28119814,-12.4431,0.161901859999999,3.090659848,3.1139,-0.0232401520000001
"RED HAKE",77,-12.28119814,-12.6066,0.325401859999999,3.070107722,3.1684,-0.0982922780000002
"RED HAKE",77,-12.28119814,-12.3743,0.0931018599999991,3.070107722,3.0979,-0.0277922780000002
"RED HAKE",77,-12.28119814,-12.4431,0.161901859999999,3.070107722,3.1139,-0.0437922780000002
"RED HAKE",77,-12.28119814,-12.6066,0.325401859999999,3.090883822,3.1684,-0.0775161780000002
"RED HAKE",77,-12.28119814,-12.3743,0.0931018599999991,3.090883822,3.0979,-0.00701617800000021
"RED HAKE",77,-12.28119814,-12.4431,0.161901859999999,3.090883822,3.1139,-0.0230161780000002
"RED HAKE",77,-12.28119814,-12.6066,0.325401859999999,3.07262859,3.1684,-0.0957714100000002
"RED HAKE",77,-12.28119814,-12.3743,0.0931018599999991,3.07262859,3.0979,-0.0252714100000002
"RED HAKE",77,-12.28119814,-12.4431,0.161901859999999,3.07262859,3.1139,-0.0412714100000002
"ROSETTE SKATE",25,-12.73088897,-13.6734,0.94251103,3.124099258,3.3526,-0.228500742
"ROSETTE SKATE",25,-12.73088897,-14.6814,1.95051103,3.124099258,3.571246,-0.447146742
"ROSETTE SKATE",25,-12.73088897,-14.7238,1.99291103,3.124099258,3.584261,-0.460161742
"ROSETTE SKATE",25,-12.73088897,-13.6734,0.94251103,3.116627477,3.3526,-0.235972523
"ROSETTE SKATE",25,-12.73088897,-14.6814,1.95051103,3.116627477,3.571246,-0.454618523
"ROSETTE SKATE",25,-12.73088897,-14.7238,1.99291103,3.116627477,3.584261,-0.467633523
"ROSETTE SKATE",25,-12.73088897,-13.6734,0.94251103,3.129620909,3.3526,-0.222979091
"ROSETTE SKATE",25,-12.73088897,-14.6814,1.95051103,3.129620909,3.571246,-0.441625091
"ROSETTE SKATE",25,-12.73088897,-14.7238,1.99291103,3.129620909,3.584261,-0.454640091
"ROSETTE SKATE",25,-12.73088897,-13.6734,0.94251103,3.107747803,3.3526,-0.244852197
"ROSETTE SKATE",25,-12.73088897,-14.6814,1.95051103,3.107747803,3.571246,-0.463498197
"ROSETTE SKATE",25,-12.73088897,-14.7238,1.99291103,3.107747803,3.584261,-0.476513197
"ROUGHTAIL STINGRAY",4,-10.40699759,-10.332,-0.0749975899999988,3.021708278,3.0222,-0.000491722000000028
"ROUGHTAIL STINGRAY",4,-10.40699759,-10.332,-0.0749975899999988,2.992817553,3.0222,-0.0293824470000001
"ROUGHTAIL STINGRAY",4,-10.40699759,-10.332,-0.0749975899999988,NA,3.0222,NA
"ROUGHTAIL STINGRAY",4,-10.40699759,-10.332,-0.0749975899999988,3.00092917,3.0222,-0.0212708300000002
"ROUND HERRING",31,-11.47563377,-11.4756,-3.3769999999933e-05,2.964528572,2.9645,2.85719999997269e-05
"ROUND HERRING",31,-11.47563377,-11.4756,-3.3769999999933e-05,NA,2.9645,NA
"ROUND HERRING",31,-11.47563377,-11.4756,-3.3769999999933e-05,NA,2.9645,NA
"ROUND HERRING",31,-11.47563377,-11.4756,-3.3769999999933e-05,NA,2.9645,NA
"SAND TIGER",12,-13.44675901,-13.4887,0.0419409900000005,3.274855635,3.2927,-0.0178443649999998
"SAND TIGER",12,-13.44675901,-13.4887,0.0419409900000005,3.268210272,3.2927,-0.0244897279999998
"SAND TIGER",12,-13.44675901,-13.4887,0.0419409900000005,NA,3.2927,NA
"SAND TIGER",12,-13.44675901,-13.4887,0.0419409900000005,NA,3.2927,NA
"SANDBAR SHARK",9,-12.17265822,-12.7641,0.591441779999998,3.05812421,3.17692,-0.11879579
"SANDBAR SHARK",9,-12.17265822,-12.7641,0.591441779999998,3.035062441,3.17692,-0.141857559
"SANDBAR SHARK",9,-12.17265822,-12.7641,0.591441779999998,NA,3.17692,NA
"SANDBAR SHARK",9,-12.17265822,-12.7641,0.591441779999998,3.053982427,3.17692,-0.122937573
"SCUP",143,-11.15269902,-11.5033,0.350600979999999,3.141225606,3.2446,-0.103374394
"SCUP",143,-11.15269902,-11.5033,0.350600979999999,3.118274106,3.2446,-0.126325894
"SCUP",143,-11.15269902,-11.5033,0.350600979999999,NA,3.2446,NA
"SCUP",143,-11.15269902,-11.5033,0.350600979999999,3.09881405,3.2446,-0.14578595
"SEA RAVEN",164,-11.45391777,-11.3646,-0.089317770000001,3.162404832,3.1551,0.00730483199999998
"SEA RAVEN",164,-11.45391777,-11.3646,-0.089317770000001,3.166111864,3.1551,0.0110118639999999
"SEA RAVEN",164,-11.45391777,-11.3646,-0.089317770000001,3.173469867,3.1551,0.0183698670000001
"SEA RAVEN",164,-11.45391777,-11.3646,-0.089317770000001,3.154393587,3.1551,-0.000706413000000072
"SILVER HAKE",72,-12.38125606,-12.4934,0.112143939999999,3.141653799,3.1512,-0.00954620099999959
"SILVER HAKE",72,-12.38125606,-12.5862,0.20494394,3.141653799,3.2018,-0.0601462009999998
"SILVER HAKE",72,-12.38125606,-12.6221,0.24084394,3.141653799,3.21099,-0.0693362009999996
"SILVER HAKE",72,-12.38125606,-12.4934,0.112143939999999,3.123267281,3.1512,-0.0279327189999998
"SILVER HAKE",72,-12.38125606,-12.5862,0.20494394,3.123267281,3.2018,-0.078532719
"SILVER HAKE",72,-12.38125606,-12.6221,0.24084394,3.123267281,3.21099,-0.0877227189999998
"SILVER HAKE",72,-12.38125606,-12.4934,0.112143939999999,3.126403138,3.1512,-0.0247968619999996
"SILVER HAKE",72,-12.38125606,-12.5862,0.20494394,3.126403138,3.2018,-0.0753968619999998
"SILVER HAKE",72,-12.38125606,-12.6221,0.24084394,3.126403138,3.21099,-0.0845868619999997
"SILVER HAKE",72,-12.38125606,-12.4934,0.112143939999999,3.121478917,3.1512,-0.0297210829999996
"SILVER HAKE",72,-12.38125606,-12.5862,0.20494394,3.121478917,3.2018,-0.0803210829999998
"SILVER HAKE",72,-12.38125606,-12.6221,0.24084394,3.121478917,3.21099,-0.0895110829999997
"SMOOTH BUTTERFLY RAY",376,-11.72213884,-11.7989,0.0767611600000002,3.041332483,3.0742,-0.0328675169999997
"SMOOTH BUTTERFLY RAY",376,-11.72213884,-9.73366,-1.98847884,3.041332483,2.597632,0.443700483
"SMOOTH BUTTERFLY RAY",376,-11.72213884,-11.7989,0.0767611600000002,3.041229837,3.0742,-0.0329701629999999
"SMOOTH BUTTERFLY RAY",376,-11.72213884,-9.73366,-1.98847884,3.041229837,2.597632,0.443597837
"SMOOTH BUTTERFLY RAY",376,-11.72213884,-11.7989,0.0767611600000002,NA,3.0742,NA
"SMOOTH BUTTERFLY RAY",376,-11.72213884,-9.73366,-1.98847884,NA,2.597632,NA
"SMOOTH BUTTERFLY RAY",376,-11.72213884,-11.7989,0.0767611600000002,NA,3.0742,NA
"SMOOTH BUTTERFLY RAY",376,-11.72213884,-9.73366,-1.98847884,NA,2.597632,NA
"SMOOTH DOGFISH",13,-12.98780625,-12.5532,-0.43460625,3.09586655,3.0006,0.0952665500000003
"SMOOTH DOGFISH",13,-12.98780625,-12.3265,-0.661306250000001,3.09586655,2.9436,0.15226655
"SMOOTH DOGFISH",13,-12.98780625,-12.7087,-0.27910625,3.09586655,3.0415,0.0543665500000001
"SMOOTH DOGFISH",13,-12.98780625,-12.5532,-0.43460625,3.076415332,3.0006,0.0758153319999999
"SMOOTH DOGFISH",13,-12.98780625,-12.3265,-0.661306250000001,3.076415332,2.9436,0.132815332
"SMOOTH DOGFISH",13,-12.98780625,-12.7087,-0.27910625,3.076415332,3.0415,0.0349153319999997
"SMOOTH DOGFISH",13,-12.98780625,-12.5532,-0.43460625,3.127060383,3.0006,0.126460383
"SMOOTH DOGFISH",13,-12.98780625,-12.3265,-0.661306250000001,3.127060383,2.9436,0.183460383
"SMOOTH DOGFISH",13,-12.98780625,-12.7087,-0.27910625,3.127060383,3.0415,0.0855603829999998
"SMOOTH DOGFISH",13,-12.98780625,-12.5532,-0.43460625,3.080326741,3.0006,0.079726741
"SMOOTH DOGFISH",13,-12.98780625,-12.3265,-0.661306250000001,3.080326741,2.9436,0.136726741
"SMOOTH DOGFISH",13,-12.98780625,-12.7087,-0.27910625,3.080326741,3.0415,0.0388267409999998
"SMOOTH SKATE",27,-12.64246766,-12.5408,-0.101667659999999,3.088819689,3.0655,0.023319689
"SMOOTH SKATE",27,-12.64246766,-12.615,-0.0274676599999992,3.088819689,3.09605,-0.00723031099999982
"SMOOTH SKATE",27,-12.64246766,-12.5868,-0.0556676599999992,3.088819689,3.08671,0.00210968900000008
"SMOOTH SKATE",27,-12.64246766,-12.5408,-0.101667659999999,3.080272665,3.0655,0.0147726649999997
"SMOOTH SKATE",27,-12.64246766,-12.615,-0.0274676599999992,3.080272665,3.09605,-0.0157773350000001
"SMOOTH SKATE",27,-12.64246766,-12.5868,-0.0556676599999992,3.080272665,3.08671,-0.00643733500000021
"SMOOTH SKATE",27,-12.64246766,-12.5408,-0.101667659999999,3.096994393,3.0655,0.031494393
"SMOOTH SKATE",27,-12.64246766,-12.615,-0.0274676599999992,3.096994393,3.09605,0.000944393000000154
"SMOOTH SKATE",27,-12.64246766,-12.5868,-0.0556676599999992,3.096994393,3.08671,0.0102843930000001
"SMOOTH SKATE",27,-12.64246766,-12.5408,-0.101667659999999,3.077166707,3.0655,0.0116667069999998
"SMOOTH SKATE",27,-12.64246766,-12.615,-0.0274676599999992,3.077166707,3.09605,-0.018883293
"SMOOTH SKATE",27,-12.64246766,-12.5868,-0.0556676599999992,3.077166707,3.08671,-0.00954329300000012
"SOUTHERN KINGFISH",652,-12.87237782,-11.8583,-1.01407782,3.436131483,3.13,0.306131483
"SOUTHERN KINGFISH",652,-12.87237782,-12.9112,0.0388221799999986,3.436131483,3.4493,-0.013168517
"SOUTHERN KINGFISH",652,-12.87237782,-11.7202,-1.15217782,3.436131483,3.19,0.246131483
"SOUTHERN KINGFISH",652,-12.87237782,-11.8583,-1.01407782,NA,3.13,NA
"SOUTHERN KINGFISH",652,-12.87237782,-12.9112,0.0388221799999986,NA,3.4493,NA
"SOUTHERN KINGFISH",652,-12.87237782,-11.7202,-1.15217782,NA,3.19,NA
"SOUTHERN KINGFISH",652,-12.87237782,-11.8583,-1.01407782,NA,3.13,NA
"SOUTHERN KINGFISH",652,-12.87237782,-12.9112,0.0388221799999986,NA,3.4493,NA
"SOUTHERN KINGFISH",652,-12.87237782,-11.7202,-1.15217782,NA,3.19,NA
"SOUTHERN KINGFISH",652,-12.87237782,-11.8583,-1.01407782,NA,3.13,NA
"SOUTHERN KINGFISH",652,-12.87237782,-12.9112,0.0388221799999986,NA,3.4493,NA
"SOUTHERN KINGFISH",652,-12.87237782,-11.7202,-1.15217782,NA,3.19,NA
"SOUTHERN STINGRAY",29,-11.22805868,-9.49475,-1.73330868,3.231602809,2.83612,0.395482809
"SOUTHERN STINGRAY",29,-11.22805868,-12.3295,1.10144132,3.231602809,3.50727,-0.275667191
"SOUTHERN STINGRAY",29,-11.22805868,-11.171,-0.0570586800000008,3.231602809,3.20678,0.0248228089999998
"SOUTHERN STINGRAY",29,-11.22805868,-9.49475,-1.73330868,3.209306151,2.83612,0.373186151
"SOUTHERN STINGRAY",29,-11.22805868,-12.3295,1.10144132,3.209306151,3.50727,-0.297963849
"SOUTHERN STINGRAY",29,-11.22805868,-11.171,-0.0570586800000008,3.209306151,3.20678,0.00252615099999964
"SOUTHERN STINGRAY",29,-11.22805868,-9.49475,-1.73330868,NA,2.83612,NA
"SOUTHERN STINGRAY",29,-11.22805868,-12.3295,1.10144132,NA,3.50727,NA
"SOUTHERN STINGRAY",29,-11.22805868,-11.171,-0.0570586800000008,NA,3.20678,NA
"SOUTHERN STINGRAY",29,-11.22805868,-9.49475,-1.73330868,NA,2.83612,NA
"SOUTHERN STINGRAY",29,-11.22805868,-12.3295,1.10144132,NA,3.50727,NA
"SOUTHERN STINGRAY",29,-11.22805868,-11.171,-0.0570586800000008,NA,3.20678,NA
"SPANISH MACKEREL",745,-11.63912455,-11.6374,-0.00172455000000049,3.024804417,3.0242,0.000604416999999913
"SPANISH MACKEREL",745,-11.63912455,-11.6374,-0.00172455000000049,2.947033057,3.0242,-0.0771669429999999
"SPANISH MACKEREL",745,-11.63912455,-11.6374,-0.00172455000000049,NA,3.0242,NA
"SPANISH MACKEREL",745,-11.63912455,-11.6374,-0.00172455000000049,NA,3.0242,NA
"SPANISH SARDINE",429,-11.81321576,-11.8132,-1.57600000001423e-05,3.146336879,3.1463,3.68790000000452e-05
"SPANISH SARDINE",429,-11.81321576,-11.8132,-1.57600000001423e-05,NA,3.1463,NA
"SPANISH SARDINE",429,-11.81321576,-11.8132,-1.57600000001423e-05,NA,3.1463,NA
"SPANISH SARDINE",429,-11.81321576,-11.8132,-1.57600000001423e-05,NA,3.1463,NA
"SPINY BUTTERFLY RAY",375,-12.27408071,-12.6549,0.38081929,3.134436284,3.226772,-0.092335716
"SPINY BUTTERFLY RAY",375,-12.27408071,-13.0635,0.78941929,3.134436284,3.306,-0.171563716
"SPINY BUTTERFLY RAY",375,-12.27408071,-12.6549,0.38081929,3.126160794,3.226772,-0.100611206
"SPINY BUTTERFLY RAY",375,-12.27408071,-13.0635,0.78941929,3.126160794,3.306,-0.179839206
"SPINY BUTTERFLY RAY",375,-12.27408071,-12.6549,0.38081929,NA,3.226772,NA
"SPINY BUTTERFLY RAY",375,-12.27408071,-13.0635,0.78941929,NA,3.306,NA
"SPINY BUTTERFLY RAY",375,-12.27408071,-12.6549,0.38081929,3.222665846,3.226772,-0.00410615400000003
"SPINY BUTTERFLY RAY",375,-12.27408071,-13.0635,0.78941929,3.222665846,3.306,-0.0833341540000001
"SPINY DOGFISH",15,-13.04149178,-13.2302,0.188708220000001,3.146905559,3.1863,-0.0393944410000002
"SPINY DOGFISH",15,-13.04149178,-12.5455,-0.495991779999999,3.146905559,3.0075,0.139405559
"SPINY DOGFISH",15,-13.04149178,-13.4073,0.36580822,3.146905559,3.2369,-0.089994441
"SPINY DOGFISH",15,-13.04149178,-13.2302,0.188708220000001,3.140973859,3.1863,-0.0453261410000003
"SPINY DOGFISH",15,-13.04149178,-12.5455,-0.495991779999999,3.140973859,3.0075,0.133473859
"SPINY DOGFISH",15,-13.04149178,-13.4073,0.36580822,3.140973859,3.2369,-0.0959261410000001
"SPINY DOGFISH",15,-13.04149178,-13.2302,0.188708220000001,3.153304306,3.1863,-0.0329956940000002
"SPINY DOGFISH",15,-13.04149178,-12.5455,-0.495991779999999,3.153304306,3.0075,0.145804306
"SPINY DOGFISH",15,-13.04149178,-13.4073,0.36580822,3.153304306,3.2369,-0.083595694
"SPINY DOGFISH",15,-13.04149178,-13.2302,0.188708220000001,3.131927548,3.1863,-0.054372452
"SPINY DOGFISH",15,-13.04149178,-12.5455,-0.495991779999999,3.131927548,3.0075,0.124427548
"SPINY DOGFISH",15,-13.04149178,-13.4073,0.36580822,3.131927548,3.2369,-0.104972452
"SPOT",149,-11.5128525,-11.0401,-0.472752499999999,3.18117923,2.9481,0.23307923
"SPOT",149,-11.5128525,-11.0401,-0.472752499999999,3.092810297,2.9481,0.144710297
"SPOT",149,-11.5128525,-11.0401,-0.472752499999999,NA,2.9481,NA
"SPOT",149,-11.5128525,-11.0401,-0.472752499999999,NA,2.9481,NA
"SPOTTED HAKE",78,-12.05383787,-12.1924,0.138562129999999,3.117527739,3.1437,-0.0261722610000001
"SPOTTED HAKE",78,-12.05383787,-12.0712,0.0173621299999986,3.117527739,3.1139,0.00362773899999969
"SPOTTED HAKE",78,-12.05383787,-11.9892,-0.0646378700000003,3.117527739,3.0823,0.0352277389999998
"SPOTTED HAKE",78,-12.05383787,-12.1924,0.138562129999999,3.09534947,3.1437,-0.04835053
"SPOTTED HAKE",78,-12.05383787,-12.0712,0.0173621299999986,3.09534947,3.1139,-0.0185505300000002
"SPOTTED HAKE",78,-12.05383787,-11.9892,-0.0646378700000003,3.09534947,3.0823,0.0130494699999999
"SPOTTED HAKE",78,-12.05383787,-12.1924,0.138562129999999,3.096583711,3.1437,-0.0471162889999999
"SPOTTED HAKE",78,-12.05383787,-12.0712,0.0173621299999986,3.096583711,3.1139,-0.017316289
"SPOTTED HAKE",78,-12.05383787,-11.9892,-0.0646378700000003,3.096583711,3.0823,0.014283711
"SPOTTED HAKE",78,-12.05383787,-12.1924,0.138562129999999,3.09572408,3.1437,-0.0479759199999998
"SPOTTED HAKE",78,-12.05383787,-12.0712,0.0173621299999986,3.09572408,3.1139,-0.01817592
"SPOTTED HAKE",78,-12.05383787,-11.9892,-0.0646378700000003,3.09572408,3.0823,0.0134240800000001
"STRIPED BASS",139,-11.57150437,-11.9776,0.406095630000001,3.048284488,3.1998,-0.151515512
"STRIPED BASS",139,-11.57150437,-11.7959,0.22439563,3.048284488,3.1383,-0.0900155119999999
"STRIPED BASS",139,-11.57150437,-11.5476,-0.0239043700000003,3.048284488,3.0627,-0.0144155119999998
"STRIPED BASS",139,-11.57150437,-11.9776,0.406095630000001,3.070253238,3.1998,-0.129546762
"STRIPED BASS",139,-11.57150437,-11.7959,0.22439563,3.070253238,3.1383,-0.0680467620000003
"STRIPED BASS",139,-11.57150437,-11.5476,-0.0239043700000003,3.070253238,3.0627,0.00755323799999985
"STRIPED BASS",139,-11.57150437,-11.9776,0.406095630000001,3.035335997,3.1998,-0.164464003
"STRIPED BASS",139,-11.57150437,-11.7959,0.22439563,3.035335997,3.1383,-0.102964003
"STRIPED BASS",139,-11.57150437,-11.5476,-0.0239043700000003,3.035335997,3.0627,-0.0273640030000002
"STRIPED BASS",139,-11.57150437,-11.9776,0.406095630000001,3.06117448,3.1998,-0.13862552
"STRIPED BASS",139,-11.57150437,-11.7959,0.22439563,3.06117448,3.1383,-0.0771255200000001
"STRIPED BASS",139,-11.57150437,-11.5476,-0.0239043700000003,3.06117448,3.0627,-0.00152551999999995
"SUMMER FLOUNDER",103,-12.37813373,-12.1197,-0.25843373,3.237910669,3.1602,0.077710669
"SUMMER FLOUNDER",103,-12.37813373,-12.1866,-0.19153373,3.237910669,3.1759,0.0620106690000002
"SUMMER FLOUNDER",103,-12.37813373,-12.1424,-0.23573373,3.237910669,3.1651,0.0728106690000003
"SUMMER FLOUNDER",103,-12.37813373,-12.1197,-0.25843373,3.225650349,3.1602,0.0654503489999998
"SUMMER FLOUNDER",103,-12.37813373,-12.1866,-0.19153373,3.225650349,3.1759,0.049750349
"SUMMER FLOUNDER",103,-12.37813373,-12.1424,-0.23573373,3.225650349,3.1651,0.0605503490000001
"SUMMER FLOUNDER",103,-12.37813373,-12.1197,-0.25843373,3.228320221,3.1602,0.068120221
"SUMMER FLOUNDER",103,-12.37813373,-12.1866,-0.19153373,3.228320221,3.1759,0.0524202210000002
"SUMMER FLOUNDER",103,-12.37813373,-12.1424,-0.23573373,3.228320221,3.1651,0.0632202210000004
"SUMMER FLOUNDER",103,-12.37813373,-12.1197,-0.25843373,3.229608039,3.1602,0.0694080389999998
"SUMMER FLOUNDER",103,-12.37813373,-12.1866,-0.19153373,3.229608039,3.1759,0.053708039
"SUMMER FLOUNDER",103,-12.37813373,-12.1424,-0.23573373,3.229608039,3.1651,0.0645080390000001
"TAUTOG",177,-10.51407011,-10.99159,0.47751989,2.905722618,3.04206,-0.136337382
"TAUTOG",177,-10.51407011,-10.98528,0.471209889999999,2.905722618,3.03463,-0.128907382
"TAUTOG",177,-10.51407011,-11.08032,0.56624989,2.905722618,3.07226,-0.166537382
"TAUTOG",177,-10.51407011,-10.99159,0.47751989,2.892035922,3.04206,-0.150024078
"TAUTOG",177,-10.51407011,-10.98528,0.471209889999999,2.892035922,3.03463,-0.142594078
"TAUTOG",177,-10.51407011,-11.08032,0.56624989,2.892035922,3.07226,-0.180224078
"TAUTOG",177,-10.51407011,-10.99159,0.47751989,NA,3.04206,NA
"TAUTOG",177,-10.51407011,-10.98528,0.471209889999999,NA,3.03463,NA
"TAUTOG",177,-10.51407011,-11.08032,0.56624989,NA,3.07226,NA
"TAUTOG",177,-10.51407011,-10.99159,0.47751989,2.911123837,3.04206,-0.130936163
"TAUTOG",177,-10.51407011,-10.98528,0.471209889999999,2.911123837,3.03463,-0.123506163
"TAUTOG",177,-10.51407011,-11.08032,0.56624989,2.911123837,3.07226,-0.161136163
"THORNY SKATE",28,-12.19062485,-12.088,-0.102624850000002,3.145022224,3.1197,0.0253222239999999
"THORNY SKATE",28,-12.19062485,-11.4478,-0.74282485,3.145022224,2.96658,0.178442224
"THORNY SKATE",28,-12.19062485,-11.4279,-0.762724850000001,3.145022224,2.96297,0.182052224
"THORNY SKATE",28,-12.19062485,-12.088,-0.102624850000002,3.144182108,3.1197,0.0244821079999999
"THORNY SKATE",28,-12.19062485,-11.4478,-0.74282485,3.144182108,2.96658,0.177602108
"THORNY SKATE",28,-12.19062485,-11.4279,-0.762724850000001,3.144182108,2.96297,0.181212108
"THORNY SKATE",28,-12.19062485,-12.088,-0.102624850000002,3.13981383,3.1197,0.0201138300000001
"THORNY SKATE",28,-12.19062485,-11.4478,-0.74282485,3.13981383,2.96658,0.17323383
"THORNY SKATE",28,-12.19062485,-11.4279,-0.762724850000001,3.13981383,2.96297,0.17684383
"THORNY SKATE",28,-12.19062485,-12.088,-0.102624850000002,3.127812111,3.1197,0.00811211099999998
"THORNY SKATE",28,-12.19062485,-11.4478,-0.74282485,3.127812111,2.96658,0.161232111
"THORNY SKATE",28,-12.19062485,-11.4279,-0.762724850000001,3.127812111,2.96297,0.164842111
"VERMILION SNAPPER",596,-11.22119855,-11.2151,-0.00609855000000081,3.060244696,3.0106,0.0496446959999997
"VERMILION SNAPPER",596,-11.22119855,-11.2151,-0.00609855000000081,3.012990861,3.0106,0.00239086099999986
"VERMILION SNAPPER",596,-11.22119855,-11.2151,-0.00609855000000081,NA,3.0106,NA
"VERMILION SNAPPER",596,-11.22119855,-11.2151,-0.00609855000000081,NA,3.0106,NA
"WEAKFISH",145,-11.35313953,-10.4779,-0.87523953,2.928295581,2.731,0.197295581
"WEAKFISH",145,-11.35313953,-10.3596,-0.99353953,2.928295581,2.6992,0.229095581
"WEAKFISH",145,-11.35313953,-12.0264,0.673260470000001,2.928295581,3.1338,-0.205504419
"WEAKFISH",145,-11.35313953,-10.4779,-0.87523953,2.902624177,2.731,0.171624177
"WEAKFISH",145,-11.35313953,-10.3596,-0.99353953,2.902624177,2.6992,0.203424177
"WEAKFISH",145,-11.35313953,-12.0264,0.673260470000001,2.902624177,3.1338,-0.231175823
"WEAKFISH",145,-11.35313953,-10.4779,-0.87523953,NA,2.731,NA
"WEAKFISH",145,-11.35313953,-10.3596,-0.99353953,NA,2.6992,NA
"WEAKFISH",145,-11.35313953,-12.0264,0.673260470000001,NA,3.1338,NA
"WEAKFISH",145,-11.35313953,-10.4779,-0.87523953,2.950215643,2.731,0.219215643
"WEAKFISH",145,-11.35313953,-10.3596,-0.99353953,2.950215643,2.6992,0.251015643
"WEAKFISH",145,-11.35313953,-12.0264,0.673260470000001,2.950215643,3.1338,-0.183584357
"WHITE HAKE",76,-12.55235951,-12.95,0.397640489999999,3.209059479,3.2903,-0.0812405209999998
"WHITE HAKE",76,-12.55235951,-13.0099,0.45754049,3.209059479,3.3039,-0.0948405210000001
"WHITE HAKE",76,-12.55235951,-12.9063,0.353940489999999,3.209059479,3.2812,-0.0721405210000001
"WHITE HAKE",76,-12.55235951,-12.95,0.397640489999999,3.184313116,3.2903,-0.105986884
"WHITE HAKE",76,-12.55235951,-13.0099,0.45754049,3.184313116,3.3039,-0.119586884
"WHITE HAKE",76,-12.55235951,-12.9063,0.353940489999999,3.184313116,3.2812,-0.0968868839999999
"WHITE HAKE",76,-12.55235951,-12.95,0.397640489999999,3.206255948,3.2903,-0.0840440519999999
"WHITE HAKE",76,-12.55235951,-13.0099,0.45754049,3.206255948,3.3039,-0.0976440520000001
"WHITE HAKE",76,-12.55235951,-12.9063,0.353940489999999,3.206255948,3.2812,-0.0749440520000002
"WHITE HAKE",76,-12.55235951,-12.95,0.397640489999999,3.201461535,3.2903,-0.0888384649999998
"WHITE HAKE",76,-12.55235951,-13.0099,0.45754049,3.201461535,3.3039,-0.102438465
"WHITE HAKE",76,-12.55235951,-12.9063,0.353940489999999,3.201461535,3.2812,-0.0797384650000001
"WINDOWPANE",108,-11.38687291,-11.769,0.382127090000001,2.993223078,3.1293,-0.136076922
"WINDOWPANE",108,-11.38687291,-11.305,-0.0818729099999995,2.993223078,2.9781,0.0151230780000002
"WINDOWPANE",108,-11.38687291,-11.3526,-0.0342729099999985,2.993223078,2.9982,-0.00497692199999999
"WINDOWPANE",108,-11.38687291,-11.769,0.382127090000001,3.000514831,3.1293,-0.128785169
"WINDOWPANE",108,-11.38687291,-11.305,-0.0818729099999995,3.000514831,2.9781,0.0224148309999999
"WINDOWPANE",108,-11.38687291,-11.3526,-0.0342729099999985,3.000514831,2.9982,0.00231483099999963
"WINDOWPANE",108,-11.38687291,-11.769,0.382127090000001,2.972205835,3.1293,-0.157094165
"WINDOWPANE",108,-11.38687291,-11.305,-0.0818729099999995,2.972205835,2.9781,-0.00589416499999995
"WINDOWPANE",108,-11.38687291,-11.3526,-0.0342729099999985,2.972205835,2.9982,-0.0259941650000002
"WINDOWPANE",108,-11.38687291,-11.769,0.382127090000001,3.001339413,3.1293,-0.127960587
"WINDOWPANE",108,-11.38687291,-11.305,-0.0818729099999995,3.001339413,2.9781,0.0232394130000002
"WINDOWPANE",108,-11.38687291,-11.3526,-0.0342729099999985,3.001339413,2.9982,0.00313941299999998
"WINTER FLOUNDER",106,-11.55269527,-11.2363,-0.316395269999999,3.080050917,2.9636,0.116450917
"WINTER FLOUNDER",106,-11.55269527,-11.4598,-0.0928952699999996,3.080050917,3.0457,0.0343509169999998
"WINTER FLOUNDER",106,-11.55269527,-11.4718,-0.0808952699999992,3.080050917,3.0431,0.036950917
"WINTER FLOUNDER",106,-11.55269527,-11.2363,-0.316395269999999,3.055281526,2.9636,0.0916815259999999
"WINTER FLOUNDER",106,-11.55269527,-11.4598,-0.0928952699999996,3.055281526,3.0457,0.00958152599999984
"WINTER FLOUNDER",106,-11.55269527,-11.4718,-0.0808952699999992,3.055281526,3.0431,0.012181526
"WINTER FLOUNDER",106,-11.55269527,-11.2363,-0.316395269999999,3.082436492,2.9636,0.118836492
"WINTER FLOUNDER",106,-11.55269527,-11.4598,-0.0928952699999996,3.082436492,3.0457,0.0367364919999997
"WINTER FLOUNDER",106,-11.55269527,-11.4718,-0.0808952699999992,3.082436492,3.0431,0.0393364919999999
"WINTER FLOUNDER",106,-11.55269527,-11.2363,-0.316395269999999,3.072552429,2.9636,0.108952429
"WINTER FLOUNDER",106,-11.55269527,-11.4598,-0.0928952699999996,3.072552429,3.0457,0.0268524289999998
"WINTER FLOUNDER",106,-11.55269527,-11.4718,-0.0808952699999992,3.072552429,3.0431,0.029452429
"WINTER SKATE",23,-12.92730406,-13.19061,0.263305939999999,3.26279228,3.32948,-0.06668772
"WINTER SKATE",23,-12.92730406,-13.08494,0.157635939999999,3.26279228,3.29769,-0.0348977199999996
"WINTER SKATE",23,-12.92730406,-13.39346,0.466155939999998,3.26279228,3.3844,-0.12160772
"WINTER SKATE",23,-12.92730406,-13.19061,0.263305939999999,3.269701894,3.32948,-0.059778106
"WINTER SKATE",23,-12.92730406,-13.08494,0.157635939999999,3.269701894,3.29769,-0.0279881059999996
"WINTER SKATE",23,-12.92730406,-13.39346,0.466155939999998,3.269701894,3.3844,-0.114698106
"WINTER SKATE",23,-12.92730406,-13.19061,0.263305939999999,3.267249913,3.32948,-0.0622300870000001
"WINTER SKATE",23,-12.92730406,-13.08494,0.157635939999999,3.267249913,3.29769,-0.0304400869999997
"WINTER SKATE",23,-12.92730406,-13.39346,0.466155939999998,3.267249913,3.3844,-0.117150087
"WINTER SKATE",23,-12.92730406,-13.19061,0.263305939999999,3.269070602,3.32948,-0.060409398
"WINTER SKATE",23,-12.92730406,-13.08494,0.157635939999999,3.269070602,3.29769,-0.0286193979999996
"WINTER SKATE",23,-12.92730406,-13.39346,0.466155939999998,3.269070602,3.3844,-0.115329398
"WITCH FLOUNDER",107,-13.07078029,-13.2151,0.14431971,3.297057737,3.3289,-0.0318422630000001
"WITCH FLOUNDER",107,-13.07078029,-13.2706,0.19981971,3.297057737,3.3576,-0.0605422630000003
"WITCH FLOUNDER",107,-13.07078029,-13.4522,0.381419709999999,3.297057737,3.41139,-0.114332263
"WITCH FLOUNDER",107,-13.07078029,-13.2151,0.14431971,3.285463522,3.3289,-0.0434364779999998
"WITCH FLOUNDER",107,-13.07078029,-13.2706,0.19981971,3.285463522,3.3576,-0.072136478
"WITCH FLOUNDER",107,-13.07078029,-13.4522,0.381419709999999,3.285463522,3.41139,-0.125926478
"WITCH FLOUNDER",107,-13.07078029,-13.2151,0.14431971,3.303228037,3.3289,-0.0256719630000002
"WITCH FLOUNDER",107,-13.07078029,-13.2706,0.19981971,3.303228037,3.3576,-0.0543719630000004
"WITCH FLOUNDER",107,-13.07078029,-13.4522,0.381419709999999,3.303228037,3.41139,-0.108161963
"WITCH FLOUNDER",107,-13.07078029,-13.2151,0.14431971,3.28760567,3.3289,-0.0412943299999999
"WITCH FLOUNDER",107,-13.07078029,-13.2706,0.19981971,3.28760567,3.3576,-0.0699943300000001
"WITCH FLOUNDER",107,-13.07078029,-13.4522,0.381419709999999,3.28760567,3.41139,-0.12378433
"YELLOWTAIL FLOUNDER",105,-12.04451277,-11.7347,-0.309812770000001,3.102800277,3.0161,0.0867002770000003
"YELLOWTAIL FLOUNDER",105,-12.04451277,-12.7073,0.662787229999999,3.102800277,3.3235,-0.220699723
"YELLOWTAIL FLOUNDER",105,-12.04451277,-12.3581,0.31358723,3.102800277,3.2099,-0.107099723
"YELLOWTAIL FLOUNDER",105,-12.04451277,-11.7347,-0.309812770000001,3.106762512,3.0161,0.0906625120000002
"YELLOWTAIL FLOUNDER",105,-12.04451277,-12.7073,0.662787229999999,3.106762512,3.3235,-0.216737488
"YELLOWTAIL FLOUNDER",105,-12.04451277,-12.3581,0.31358723,3.106762512,3.2099,-0.103137488
"YELLOWTAIL FLOUNDER",105,-12.04451277,-11.7347,-0.309812770000001,3.111305478,3.0161,0.095205478
"YELLOWTAIL FLOUNDER",105,-12.04451277,-12.7073,0.662787229999999,3.111305478,3.3235,-0.212194522
"YELLOWTAIL FLOUNDER",105,-12.04451277,-12.3581,0.31358723,3.111305478,3.2099,-0.0985945220000004
"YELLOWTAIL FLOUNDER",105,-12.04451277,-11.7347,-0.309812770000001,3.123093979,3.0161,0.106993979
"YELLOWTAIL FLOUNDER",105,-12.04451277,-12.7073,0.662787229999999,3.123093979,3.3235,-0.200406021
"YELLOWTAIL FLOUNDER",105,-12.04451277,-12.3581,0.31358723,3.123093979,3.2099,-0.0868060210000001
