"SpeciesName","LW_SVSPP","ln_a_lw3","ln_a_surv","diff_ln_a","b_lw3","b_surv","diff_b"
"Sand tiger",12,-13.4887,-13.4887,0,3.2927,3.2927,0
"Chain dogfish",14,-12.9053,-12.9053,0,3.1282,3.1282,0
"Chain dogfish",14,-12.9053,-13.590457,0.685157,3.1282,3.334267,-0.206067
"Chain dogfish",14,-12.9053,-13.680266,0.774965999999999,3.1282,3.369616,-0.241416
"Chain dogfish",14,-12.2155,-12.9053,0.6898,2.9322,3.1282,-0.196
"Chain dogfish",14,-12.2155,-13.590457,1.374957,2.9322,3.334267,-0.402067
"Chain dogfish",14,-12.2155,-13.680266,1.464766,2.9322,3.369616,-0.437416
"Chain dogfish",14,-13.5677,-12.9053,-0.6624,3.3321,3.1282,0.2039
"Chain dogfish",14,-13.5677,-13.590457,0.0227570000000004,3.3321,3.334267,-0.00216700000000003
"Chain dogfish",14,-13.5677,-13.680266,0.112565999999999,3.3321,3.369616,-0.0375160000000001
"Atlantic sharpnose shark",360,-12.8361,-12.8361,0,3.1069,3.1069,0
"Smooth dogfish",13,-12.5532,-12.5532,0,3.0006,3.0006,0
"Smooth dogfish",13,-12.5532,-12.3265,-0.226700000000001,3.0006,2.9436,0.0569999999999999
"Smooth dogfish",13,-12.5532,-12.7087,0.1555,3.0006,3.0415,-0.0409000000000002
"Smooth dogfish",13,-12.3265,-12.5532,0.226700000000001,2.9436,3.0006,-0.0569999999999999
"Smooth dogfish",13,-12.3265,-12.3265,0,2.9436,2.9436,0
"Smooth dogfish",13,-12.3265,-12.7087,0.382200000000001,2.9436,3.0415,-0.0979000000000001
"Smooth dogfish",13,-12.7087,-12.5532,-0.1555,3.0415,3.0006,0.0409000000000002
"Smooth dogfish",13,-12.7087,-12.3265,-0.382200000000001,3.0415,2.9436,0.0979000000000001
"Smooth dogfish",13,-12.7087,-12.7087,0,3.0415,3.0415,0
"Smooth dogfish",13,-13.3913,-12.5532,-0.838099999999999,3.1641,3.0006,0.1635
"Smooth dogfish",13,-13.3913,-12.3265,-1.0648,3.1641,2.9436,0.2205
"Smooth dogfish",13,-13.3913,-12.7087,-0.682599999999999,3.1641,3.0415,0.1226
"Smooth dogfish",13,-13.1021,-12.5532,-0.5489,3.0918,3.0006,0.0912000000000002
"Smooth dogfish",13,-13.1021,-12.3265,-0.775600000000001,3.0918,2.9436,0.1482
"Smooth dogfish",13,-13.1021,-12.7087,-0.3934,3.0918,3.0415,0.0503
"Smooth dogfish",13,-13.7926,-12.5532,-1.2394,3.2652,3.0006,0.2646
"Smooth dogfish",13,-13.7926,-12.3265,-1.4661,3.2652,2.9436,0.3216
"Smooth dogfish",13,-13.7926,-12.7087,-1.0839,3.2652,3.0415,0.2237
"Smooth dogfish",13,-13.7444,-12.5532,-1.1912,3.2538,3.0006,0.2532
"Smooth dogfish",13,-13.7444,-12.3265,-1.4179,3.2538,2.9436,0.3102
"Smooth dogfish",13,-13.7444,-12.7087,-1.0357,3.2538,3.0415,0.2123
"Smooth dogfish",13,-12.7517,-12.5532,-0.198499999999999,3.0164,3.0006,0.0158
"Smooth dogfish",13,-12.7517,-12.3265,-0.4252,3.0164,2.9436,0.0728
"Smooth dogfish",13,-12.7517,-12.7087,-0.0429999999999993,3.0164,3.0415,-0.0251000000000001
"Smooth dogfish",13,-14.1554,-12.5532,-1.6022,3.3543,3.0006,0.3537
"Smooth dogfish",13,-14.1554,-12.3265,-1.8289,3.3543,2.9436,0.4107
"Smooth dogfish",13,-14.1554,-12.7087,-1.4467,3.3543,3.0415,0.3128
"Sandbar shark",9,-12.674,-12.7641,0.0900999999999996,3.1706,3.17692,-0.0063200000000001
"Spiny dogfish",15,-12.6733,-13.2302,0.556900000000001,3.0596,3.1863,-0.1267
"Spiny dogfish",15,-12.6733,-12.5455,-0.127799999999999,3.0596,3.0075,0.0521000000000003
"Spiny dogfish",15,-12.6733,-13.4073,0.734,3.0596,3.2369,-0.1773
"Spiny dogfish",15,-12.3144,-13.2302,0.915800000000001,2.9651,3.1863,-0.2212
"Spiny dogfish",15,-12.3144,-12.5455,0.231100000000001,2.9651,3.0075,-0.0423999999999998
"Spiny dogfish",15,-12.3144,-13.4073,1.0929,2.9651,3.2369,-0.2718
"Spiny dogfish",15,-12.821,-13.2302,0.4092,3.1012,3.1863,-0.0851000000000002
"Spiny dogfish",15,-12.821,-12.5455,-0.275499999999999,3.1012,3.0075,0.0937000000000001
"Spiny dogfish",15,-12.821,-13.4073,0.5863,3.1012,3.2369,-0.1357
"Spiny dogfish",15,-13.2302,-13.2302,0,3.1863,3.1863,0
"Spiny dogfish",15,-13.2302,-12.5455,-0.684699999999999,3.1863,3.0075,0.1788
"Spiny dogfish",15,-13.2302,-13.4073,0.177099999999999,3.1863,3.2369,-0.0505999999999998
"Spiny dogfish",15,-12.5455,-13.2302,0.684699999999999,3.0075,3.1863,-0.1788
"Spiny dogfish",15,-12.5455,-12.5455,0,3.0075,3.0075,0
"Spiny dogfish",15,-12.5455,-13.4073,0.861799999999999,3.0075,3.2369,-0.2294
"Spiny dogfish",15,-13.4073,-13.2302,-0.177099999999999,3.2369,3.1863,0.0505999999999998
"Spiny dogfish",15,-13.4073,-12.5455,-0.861799999999999,3.2369,3.0075,0.2294
"Spiny dogfish",15,-13.4073,-13.4073,0,3.2369,3.2369,0
"Spiny dogfish",15,-13.0195,-13.2302,0.210699999999999,3.1231,3.1863,-0.0632000000000001
"Spiny dogfish",15,-13.0195,-12.5455,-0.474,3.1231,3.0075,0.1156
"Spiny dogfish",15,-13.0195,-13.4073,0.387799999999999,3.1231,3.2369,-0.1138
"Spiny dogfish",15,-12.4979,-13.2302,0.7323,2.9871,3.1863,-0.1992
"Spiny dogfish",15,-12.4979,-12.5455,0.047600000000001,2.9871,3.0075,-0.0204
"Spiny dogfish",15,-12.4979,-13.4073,0.9094,2.9871,3.2369,-0.2498
"Spiny dogfish",15,-13.3403,-13.2302,-0.110099999999999,3.2108,3.1863,0.0244999999999997
"Spiny dogfish",15,-13.3403,-12.5455,-0.794799999999999,3.2108,3.0075,0.2033
"Spiny dogfish",15,-13.3403,-13.4073,0.0670000000000002,3.2108,3.2369,-0.0261
"Atlantic angel shark",16,-12.1783,-11.5279,-0.650399999999999,3.142,2.9556,0.1864
"Atlantic angel shark",16,-12.1783,-12.1095,-0.0687999999999995,3.142,3.107572,0.0344280000000001
"Atlantic angel shark",16,-12.1783,-11.807,-0.3713,3.142,3.026787,0.115213
"Atlantic angel shark",16,-11.5279,-11.5279,0,2.9556,2.9556,0
"Atlantic angel shark",16,-11.5279,-12.1095,0.5816,2.9556,3.107572,-0.151972
"Atlantic angel shark",16,-11.5279,-11.807,0.2791,2.9556,3.026787,-0.0711870000000001
"Atlantic torpedo ray",21,-14.4803,-14.4803,0,3.8164,3.8164,0
"Clearnose  skate",24,-13.8683,-13.8683,0,3.4235,3.4235,0
"Clearnose  skate",24,-14.1912,-13.8683,-0.322900000000001,3.4918,3.4235,0.0682999999999998
"Clearnose  skate",24,-13.86,-13.8683,0.0083000000000002,3.4291,3.4235,0.00559999999999983
"Little skate",26,-12.4971,-12.4462,-0.0509000000000004,3.131,3.128,0.00299999999999967
"Little skate",26,-12.4489,-12.4462,-0.00270000000000081,3.111,3.128,-0.0169999999999999
"Little skate",26,-12.5822,-12.4462,-0.136000000000001,3.1604,3.128,0.0324
"Little skate",26,-12.4462,-12.4462,0,3.128,3.128,0
"Little skate",26,-12.3175,-12.4462,0.128699999999998,3.0842,3.128,-0.0438000000000001
"Little skate",26,-12.6115,-12.4462,-0.1653,3.1805,3.128,0.0524999999999998
"Little skate",26,-12.602,-12.4462,-0.155800000000001,3.1567,3.128,0.0286999999999997
"Little skate",26,-12.5172,-12.4462,-0.0710000000000015,3.1247,3.128,-0.0033000000000003
"Little skate",26,-12.6889,-12.4462,-0.242700000000001,3.1872,3.128,0.0591999999999997
"Barndoor skate",22,-13.3224,-13.1026,-0.219799999999999,3.2919,3.2433,0.0486
"Barndoor skate",22,-13.3224,-13.3224,0,3.2919,3.2919,0
"Winter skate",23,-13.0892,-13.19061,0.10141,3.3111,3.32948,-0.0183800000000001
"Winter skate",23,-13.0892,-13.08494,-0.00426000000000037,3.3111,3.29769,0.0134100000000004
"Winter skate",23,-13.0892,-13.39346,0.304259999999999,3.3111,3.3844,-0.0732999999999997
"Winter skate",23,-13.0672,-13.19061,0.12341,3.3029,3.32948,-0.02658
"Winter skate",23,-13.0672,-13.08494,0.0177399999999999,3.3029,3.29769,0.00521000000000038
"Winter skate",23,-13.0672,-13.39346,0.32626,3.3029,3.3844,-0.0814999999999997
"Winter skate",23,-13.202,-13.19061,-0.0113900000000005,3.3428,3.32948,0.0133199999999998
"Winter skate",23,-13.202,-13.08494,-0.11706,3.3428,3.29769,0.0451100000000002
"Winter skate",23,-13.202,-13.39346,0.191459999999999,3.3428,3.3844,-0.0415999999999999
"Winter skate",23,-13.0088,-13.19061,0.181809999999999,3.2993,3.32948,-0.0301800000000001
"Winter skate",23,-13.0088,-13.08494,0.0761399999999988,3.2993,3.29769,0.00161000000000033
"Winter skate",23,-13.0088,-13.39346,0.384659999999998,3.2993,3.3844,-0.0850999999999997
"Winter skate",23,-12.9598,-13.19061,0.23081,3.2819,3.32948,-0.0475800000000004
"Winter skate",23,-12.9598,-13.08494,0.12514,3.2819,3.29769,-0.01579
"Winter skate",23,-12.9598,-13.39346,0.43366,3.2819,3.3844,-0.1025
"Winter skate",23,-13.1083,-13.19061,0.0823099999999997,3.3285,3.32948,-0.000980000000000203
"Winter skate",23,-13.1083,-13.08494,-0.0233600000000003,3.3285,3.29769,0.0308100000000002
"Winter skate",23,-13.1083,-13.39346,0.285159999999999,3.3285,3.3844,-0.0558999999999998
"Winter skate",23,-13.1531,-13.19061,0.0375099999999993,3.3199,3.32948,-0.00958000000000014
"Winter skate",23,-13.1531,-13.08494,-0.0681600000000007,3.3199,3.29769,0.0222100000000003
"Winter skate",23,-13.1531,-13.39346,0.240359999999999,3.3199,3.3844,-0.0644999999999998
"Winter skate",23,-13.0591,-13.19061,0.131509999999999,3.2904,3.32948,-0.0390800000000002
"Winter skate",23,-13.0591,-13.08494,0.0258399999999988,3.2904,3.29769,-0.0072899999999998
"Winter skate",23,-13.0591,-13.39346,0.334359999999998,3.2904,3.3844,-0.0939999999999999
"Winter skate",23,-13.3419,-13.19061,-0.151290000000001,3.3719,3.32948,0.0424199999999999
"Winter skate",23,-13.3419,-13.08494,-0.256960000000001,3.3719,3.29769,0.0742100000000003
"Winter skate",23,-13.3419,-13.39346,0.0515599999999985,3.3719,3.3844,-0.0124999999999997
"Rosette skate",25,-13.6734,-13.6734,0,3.3526,3.3526,0
"Rosette skate",25,-13.6734,-14.6814,1.008,3.3526,3.571246,-0.218646
"Rosette skate",25,-13.6734,-14.7238,1.0504,3.3526,3.584261,-0.231661
"Rosette skate",25,-12.5504,-13.6734,1.123,3.0718,3.3526,-0.2808
"Rosette skate",25,-12.5504,-14.6814,2.131,3.0718,3.571246,-0.499446
"Rosette skate",25,-12.5504,-14.7238,2.1734,3.0718,3.584261,-0.512461
"Rosette skate",25,-12.4771,-13.6734,1.1963,3.0307,3.3526,-0.3219
"Rosette skate",25,-12.4771,-14.6814,2.2043,3.0307,3.571246,-0.540546
"Rosette skate",25,-12.4771,-14.7238,2.2467,3.0307,3.584261,-0.553561
"Rosette skate",25,-12.4737,-13.6734,1.1997,3.0688,3.3526,-0.2838
"Rosette skate",25,-12.4737,-14.6814,2.2077,3.0688,3.571246,-0.502446
"Rosette skate",25,-12.4737,-14.7238,2.2501,3.0688,3.584261,-0.515461
"Smooth  skate",27,-12.5408,-12.5408,0,3.0655,3.0655,0
"Smooth  skate",27,-12.5408,-12.615,0.0741999999999994,3.0655,3.09605,-0.0305499999999999
"Smooth  skate",27,-12.5408,-12.5868,0.0459999999999994,3.0655,3.08671,-0.02121
"Smooth  skate",27,-13.0139,-12.5408,-0.473099999999999,3.1812,3.0655,0.1157
"Smooth  skate",27,-13.0139,-12.615,-0.398899999999999,3.1812,3.09605,0.0851500000000001
"Smooth  skate",27,-13.0139,-12.5868,-0.427099999999999,3.1812,3.08671,0.09449
"Thorny skate",28,-12.088,-12.088,0,3.1197,3.1197,0
"Thorny skate",28,-12.088,-11.4478,-0.640199999999998,3.1197,2.96658,0.15312
"Thorny skate",28,-12.088,-11.4279,-0.6601,3.1197,2.96297,0.15673
"Southern stingray",29,-10.9402,-9.49475,-1.44545,3.1428,2.83612,0.30668
"Southern stingray",29,-10.9402,-12.3295,1.3893,3.1428,3.50727,-0.36447
"Southern stingray",29,-10.9402,-11.171,0.230799999999999,3.1428,3.20678,-0.0639800000000004
"Roughtail stingray",4,-10.332,-10.332,0,3.0222,3.0222,0
"Bluntnose stingray",18,-10.8751,-10.6501,-0.225,3.2275,3.17029,0.05721
"Bluntnose stingray",18,-10.8751,-11.4107,0.535600000000001,3.2275,3.36072,-0.13322
"Bluntnose stingray",18,-10.8751,-10.4005,-0.474600000000001,3.2275,3.11163,0.11587
"Bluntnose stingray",18,-10.5372,-10.6501,0.1129,3.0527,3.17029,-0.11759
"Bluntnose stingray",18,-10.5372,-11.4107,0.8735,3.0527,3.36072,-0.30802
"Bluntnose stingray",18,-10.5372,-10.4005,-0.136700000000001,3.0527,3.11163,-0.0589299999999997
"Spiny butterfly ray",375,-13.0635,-12.6549,-0.4086,3.306,3.226772,0.0792280000000001
"Spiny butterfly ray",375,-13.0635,-13.0635,0,3.306,3.306,0
"Spiny butterfly ray",375,-12.4197,-12.6549,0.235199999999999,3.1787,3.226772,-0.0480719999999999
"Spiny butterfly ray",375,-12.4197,-13.0635,0.643799999999999,3.1787,3.306,-0.1273
"Smooth butterfly ray",376,-11.7989,-11.7989,0,3.0742,3.0742,0
"Smooth butterfly ray",376,-11.7989,-9.73366,-2.06524,3.0742,2.597632,0.476568
"Bullnose ray",19,-12.1806,-12.1806,0,3.2885,3.2885,0
"Cownose ray",270,-11.8649,-11.44102,-0.42388,3.2327,3.1137,0.119
"Cownose ray",270,-11.8649,-11.59491,-0.26999,3.2327,3.14828,0.0844199999999997
"Cownose ray",270,-11.8649,-11.50812,-0.356780000000001,3.2327,3.12863,0.10407
"Cownose ray",270,-7.8039,-11.44102,3.63712,2.0958,3.1137,-1.0179
"Cownose ray",270,-7.8039,-11.59491,3.79101,2.0958,3.14828,-1.05248
"Cownose ray",270,-7.8039,-11.50812,3.70422,2.0958,3.12863,-1.03283
"Atlantic sturgeon",380,-14.2902,-14.2902,0,3.4547,3.4547,0
"American shad",35,-12.1377,-12.1377,0,3.2207,3.2207,0
"Blueback herring",34,-12.2146,-12.2146,0,3.2428,3.2428,0
"Alewife",33,-13.3875,-13.3875,0,3.6716,3.6716,0
"Atlantic herring",32,-11.576,-11.7972,0.2212,2.9794,3.0314,-0.052
"Atlantic herring",32,-11.576,-11.5442,-0.0318000000000005,2.9794,2.9545,0.0249000000000001
"Atlantic herring",32,-11.576,-11.56,-0.016,2.9794,2.957,0.0224000000000002
"Atlantic herring",32,-11.346,-11.7972,0.4512,2.9055,3.0314,-0.1259
"Atlantic herring",32,-11.346,-11.5442,0.1982,2.9055,2.9545,-0.0489999999999999
"Atlantic herring",32,-11.346,-11.56,0.214,2.9055,2.957,-0.0514999999999999
"Atlantic herring",32,-11.6549,-11.7972,0.142300000000001,3.0065,3.0314,-0.0249000000000001
"Atlantic herring",32,-11.6549,-11.5442,-0.1107,3.0065,2.9545,0.052
"Atlantic herring",32,-11.6549,-11.56,-0.0948999999999991,3.0065,2.957,0.0495000000000001
"Atlantic herring",32,-11.7972,-11.7972,0,3.0314,3.0314,0
"Atlantic herring",32,-11.7972,-11.5442,-0.253,3.0314,2.9545,0.0769000000000002
"Atlantic herring",32,-11.7972,-11.56,-0.2372,3.0314,2.957,0.0744000000000002
"Atlantic herring",32,-11.5442,-11.7972,0.253,2.9545,3.0314,-0.0769000000000002
"Atlantic herring",32,-11.5442,-11.5442,0,2.9545,2.9545,0
"Atlantic herring",32,-11.5442,-11.56,0.0158000000000005,2.9545,2.957,-0.00249999999999995
"Atlantic herring",32,-11.56,-11.7972,0.2372,2.957,3.0314,-0.0744000000000002
"Atlantic herring",32,-11.56,-11.5442,-0.0158000000000005,2.957,2.9545,0.00249999999999995
"Atlantic herring",32,-11.56,-11.56,0,2.957,2.957,0
"Atlantic herring",32,-11.2575,-11.7972,0.5397,2.8559,3.0314,-0.1755
"Atlantic herring",32,-11.2575,-11.5442,0.2867,2.8559,2.9545,-0.0985999999999998
"Atlantic herring",32,-11.2575,-11.56,0.3025,2.8559,2.957,-0.1011
"Round herring",31,-11.4756,-11.4756,0,2.9645,2.9645,0
"Atlantic thread herring",428,-12.9785,-12.9785,0,3.7242,3.7242,0
"Spanish sardine",429,-11.8132,-11.8132,0,3.1463,3.1463,0
"Goosefish",197,-10.7106,-10.553,-0.157599999999999,2.9227,2.8696,0.0530999999999997
"Goosefish",197,-10.7106,-10.869,0.1584,2.9227,2.9608,-0.0381
"Goosefish",197,-10.7106,-10.7668,0.0562000000000005,2.9227,2.9302,-0.00750000000000028
"Goosefish",197,-10.7668,-10.553,-0.213799999999999,2.9302,2.8696,0.0606
"Goosefish",197,-10.7668,-10.869,0.1022,2.9302,2.9608,-0.0305999999999997
"Goosefish",197,-10.7668,-10.7668,0,2.9302,2.9302,0
"Goosefish",197,-10.553,-10.553,0,2.8696,2.8696,0
"Goosefish",197,-10.553,-10.869,0.315999999999999,2.8696,2.9608,-0.0911999999999997
"Goosefish",197,-10.553,-10.7668,0.213799999999999,2.8696,2.9302,-0.0606
"Goosefish",197,-10.869,-10.553,-0.315999999999999,2.9608,2.8696,0.0911999999999997
"Goosefish",197,-10.869,-10.869,0,2.9608,2.9608,0
"Goosefish",197,-10.869,-10.7668,-0.1022,2.9608,2.9302,0.0305999999999997
"Atlantic cod",73,-11.7677,-11.7803,0.0126000000000008,3.0527,3.0606,-0.0078999999999998
"Atlantic cod",73,-11.7677,-12.405,0.6373,3.0527,3.2442,-0.1915
"Atlantic cod",73,-11.7677,-11.2373,-0.5304,3.0527,2.9826,0.0701000000000001
"Atlantic cod",73,-11.7803,-11.7803,0,3.0606,3.0606,0
"Atlantic cod",73,-11.7803,-12.405,0.624699999999999,3.0606,3.2442,-0.1836
"Atlantic cod",73,-11.7803,-11.2373,-0.543000000000001,3.0606,2.9826,0.0779999999999998
"Atlantic cod",73,-11.992,-11.7803,-0.2117,3.1262,3.0606,0.0655999999999999
"Atlantic cod",73,-11.992,-12.405,0.412999999999998,3.1262,3.2442,-0.118
"Atlantic cod",73,-11.992,-11.2373,-0.754700000000001,3.1262,2.9826,0.1436
"Pollock",75,-11.8353,-11.5181,-0.3172,3.1151,3.02352,0.09158
"Pollock",75,-11.8353,-11.5782,-0.257099999999999,3.1151,3.03831,0.0767899999999999
"Pollock",75,-11.8353,-11.9004,0.0650999999999993,3.1151,3.1024,0.0127000000000002
"Pollock",75,-11.9004,-11.5181,-0.382299999999999,3.1024,3.02352,0.0788799999999998
"Pollock",75,-11.9004,-11.5782,-0.322199999999999,3.1024,3.03831,0.0640899999999998
"Pollock",75,-11.9004,-11.9004,0,3.1024,3.1024,0
"Red hake",77,-12.2601,-12.6066,0.346500000000001,3.0661,3.1684,-0.1023
"Red hake",77,-12.2601,-12.3743,0.1142,3.0661,3.0979,-0.0318000000000001
"Red hake",77,-12.2601,-12.4431,0.183,3.0661,3.1139,-0.0478000000000001
"Red hake",77,-12.1244,-12.6066,0.482200000000001,3.0164,3.1684,-0.152
"Red hake",77,-12.1244,-12.3743,0.2499,3.0164,3.0979,-0.0815000000000001
"Red hake",77,-12.1244,-12.4431,0.3187,3.0164,3.1139,-0.0975000000000001
"Red hake",77,-12.47,-12.6066,0.1366,3.1338,3.1684,-0.0346000000000002
"Red hake",77,-12.47,-12.3743,-0.0957000000000008,3.1338,3.0979,0.0358999999999998
"Red hake",77,-12.47,-12.4431,-0.0269000000000013,3.1338,3.1139,0.0198999999999998
"Red hake",77,-12.3743,-12.6066,0.2323,3.0979,3.1684,-0.0705
"Red hake",77,-12.3743,-12.3743,0,3.0979,3.0979,0
"Red hake",77,-12.3743,-12.4431,0.0687999999999995,3.0979,3.1139,-0.016
"Red hake",77,-12.4431,-12.6066,0.163500000000001,3.1139,3.1684,-0.0545
"Red hake",77,-12.4431,-12.3743,-0.0687999999999995,3.1139,3.0979,0.016
"Red hake",77,-12.4431,-12.4431,0,3.1139,3.1139,0
"Red hake",77,-12.6066,-12.6066,0,3.1684,3.1684,0
"Red hake",77,-12.6066,-12.3743,-0.2323,3.1684,3.0979,0.0705
"Red hake",77,-12.6066,-12.4431,-0.163500000000001,3.1684,3.1139,0.0545
"Red hake",77,-12.0276,-12.6066,0.579000000000001,3.0162,3.1684,-0.1522
"Red hake",77,-12.0276,-12.3743,0.3467,3.0162,3.0979,-0.0817000000000001
"Red hake",77,-12.0276,-12.4431,0.4155,3.0162,3.1139,-0.0977000000000001
"Red hake",77,-12.172,-12.6066,0.4346,3.0491,3.1684,-0.1193
"Red hake",77,-12.172,-12.3743,0.202299999999999,3.0491,3.0979,-0.0488
"Red hake",77,-12.172,-12.4431,0.271099999999999,3.0491,3.1139,-0.0648
"Red hake",77,-12.4836,-12.6066,0.123000000000001,3.1533,3.1684,-0.0150999999999999
"Red hake",77,-12.4836,-12.3743,-0.109299999999999,3.1533,3.0979,0.0554000000000001
"Red hake",77,-12.4836,-12.4431,-0.0404999999999998,3.1533,3.1139,0.0394000000000001
"Spotted hake",78,-12.1682,-12.1924,0.0241999999999987,3.1332,3.1437,-0.0105
"Spotted hake",78,-12.1682,-12.0712,-0.0970000000000013,3.1332,3.1139,0.0192999999999999
"Spotted hake",78,-12.1682,-11.9892,-0.179,3.1332,3.0823,0.0508999999999999
"Spotted hake",78,-12.3328,-12.1924,-0.140400000000001,3.1791,3.1437,0.0354000000000001
"Spotted hake",78,-12.3328,-12.0712,-0.261600000000001,3.1791,3.1139,0.0651999999999999
"Spotted hake",78,-12.3328,-11.9892,-0.3436,3.1791,3.0823,0.0968
"Spotted hake",78,-12.361,-12.1924,-0.168600000000001,3.1957,3.1437,0.052
"Spotted hake",78,-12.361,-12.0712,-0.289800000000001,3.1957,3.1139,0.0817999999999999
"Spotted hake",78,-12.361,-11.9892,-0.3718,3.1957,3.0823,0.1134
"Spotted hake",78,-11.9892,-12.1924,0.203199999999999,3.0823,3.1437,-0.0613999999999999
"Spotted hake",78,-11.9892,-12.0712,0.081999999999999,3.0823,3.1139,-0.0316000000000001
"Spotted hake",78,-11.9892,-11.9892,0,3.0823,3.0823,0
"Spotted hake",78,-12.1924,-12.1924,0,3.1437,3.1437,0
"Spotted hake",78,-12.1924,-12.0712,-0.1212,3.1437,3.1139,0.0297999999999998
"Spotted hake",78,-12.1924,-11.9892,-0.203199999999999,3.1437,3.0823,0.0613999999999999
"Spotted hake",78,-12.0712,-12.1924,0.1212,3.1139,3.1437,-0.0297999999999998
"Spotted hake",78,-12.0712,-12.0712,0,3.1139,3.1139,0
"Spotted hake",78,-12.0712,-11.9892,-0.081999999999999,3.1139,3.0823,0.0316000000000001
"Spotted hake",78,-11.9634,-12.1924,0.228999999999999,3.0927,3.1437,-0.0510000000000002
"Spotted hake",78,-11.9634,-12.0712,0.107799999999999,3.0927,3.1139,-0.0212000000000003
"Spotted hake",78,-11.9634,-11.9892,0.0258000000000003,3.0927,3.0823,0.0103999999999997
"Spotted hake",78,-11.0718,-12.1924,1.1206,2.7812,3.1437,-0.3625
"Spotted hake",78,-11.0718,-12.0712,0.9994,2.7812,3.1139,-0.3327
"Spotted hake",78,-11.0718,-11.9892,0.917400000000001,2.7812,3.0823,-0.3011
"Spotted hake",78,-11.8596,-12.1924,0.332799999999999,3.0696,3.1437,-0.0741000000000001
"Spotted hake",78,-11.8596,-12.0712,0.211599999999999,3.0696,3.1139,-0.0443000000000002
"Spotted hake",78,-11.8596,-11.9892,0.1296,3.0696,3.0823,-0.0127000000000002
"White hake",76,-12.4,-12.95,0.549999999999999,3.1715,3.2903,-0.1188
"White hake",76,-12.4,-13.0099,0.6099,3.1715,3.3039,-0.1324
"White hake",76,-12.4,-12.9063,0.5063,3.1715,3.2812,-0.1097
"White hake",76,-12.6846,-12.95,0.2654,3.2506,3.2903,-0.0396999999999998
"White hake",76,-12.6846,-13.0099,0.3253,3.2506,3.3039,-0.0533000000000001
"White hake",76,-12.6846,-12.9063,0.2217,3.2506,3.2812,-0.0306000000000002
"White hake",76,-12.6741,-12.95,0.2759,3.2407,3.2903,-0.0495999999999999
"White hake",76,-12.6741,-13.0099,0.335800000000001,3.2407,3.3039,-0.0632000000000001
"White hake",76,-12.6741,-12.9063,0.232200000000001,3.2407,3.2812,-0.0405000000000002
"White hake",76,-12.95,-12.95,0,3.2903,3.2903,0
"White hake",76,-12.95,-13.0099,0.0599000000000007,3.2903,3.3039,-0.0136000000000003
"White hake",76,-12.95,-12.9063,-0.0436999999999994,3.2903,3.2812,0.00909999999999966
"White hake",76,-12.9063,-12.95,0.0436999999999994,3.2812,3.2903,-0.00909999999999966
"White hake",76,-12.9063,-13.0099,0.1036,3.2812,3.3039,-0.0226999999999999
"White hake",76,-12.9063,-12.9063,0,3.2812,3.2812,0
"White hake",76,-13.0099,-12.95,-0.0599000000000007,3.3039,3.2903,0.0136000000000003
"White hake",76,-13.0099,-13.0099,0,3.3039,3.3039,0
"White hake",76,-13.0099,-12.9063,-0.1036,3.3039,3.2812,0.0226999999999999
"White hake",76,-13.1714,-12.95,-0.221400000000001,3.3669,3.2903,0.0766
"White hake",76,-13.1714,-13.0099,-0.1615,3.3669,3.3039,0.0629999999999997
"White hake",76,-13.1714,-12.9063,-0.2651,3.3669,3.2812,0.0856999999999997
"Cusk",84,-12.214,-12.0756,-0.138400000000001,3.1785,3.14803,0.0304700000000002
"Cusk",84,-12.214,-12.0186,-0.195400000000001,3.1785,3.13081,0.0476900000000002
"Cusk",84,-12.214,-12.214,0,3.1785,3.1785,0
"Haddock",74,-11.8111,-11.7438,-0.0672999999999995,3.0888,3.0572,0.0316000000000001
"Haddock",74,-11.8111,-11.8655,0.0544000000000011,3.0888,3.0949,-0.00609999999999999
"Haddock",74,-11.8111,-11.8062,-0.00489999999999924,3.0888,3.0766,0.0122
"Haddock",74,-11.8062,-11.7438,-0.0624000000000002,3.0766,3.0572,0.0194000000000001
"Haddock",74,-11.8062,-11.8655,0.0593000000000004,3.0766,3.0949,-0.0183
"Haddock",74,-11.8062,-11.8062,0,3.0766,3.0766,0
"Haddock",74,-11.7438,-11.7438,0,3.0572,3.0572,0
"Haddock",74,-11.7438,-11.8655,0.121700000000001,3.0572,3.0949,-0.0377000000000001
"Haddock",74,-11.7438,-11.8062,0.0624000000000002,3.0572,3.0766,-0.0194000000000001
"Haddock",74,-11.8655,-11.7438,-0.121700000000001,3.0949,3.0572,0.0377000000000001
"Haddock",74,-11.8655,-11.8655,0,3.0949,3.0949,0
"Haddock",74,-11.8655,-11.8062,-0.0593000000000004,3.0949,3.0766,0.0183
"Silver hake",72,-12.3367,-12.4934,0.156699999999999,3.1056,3.1512,-0.0455999999999999
"Silver hake",72,-12.3367,-12.5862,0.249499999999999,3.1056,3.2018,-0.0962000000000001
"Silver hake",72,-12.3367,-12.6221,0.285399999999999,3.1056,3.21099,-0.10539
"Silver hake",72,-12.4934,-12.4934,0,3.1512,3.1512,0
"Silver hake",72,-12.4934,-12.5862,0.0928000000000004,3.1512,3.2018,-0.0506000000000002
"Silver hake",72,-12.4934,-12.6221,0.1287,3.1512,3.21099,-0.05979
"Silver hake",72,-12.1353,-12.4934,0.358099999999999,3.0606,3.1512,-0.0905999999999998
"Silver hake",72,-12.1353,-12.5862,0.450899999999999,3.0606,3.2018,-0.1412
"Silver hake",72,-12.1353,-12.6221,0.486799999999999,3.0606,3.21099,-0.15039
"Silver hake",72,-12.2351,-12.4934,0.2583,3.0869,3.1512,-0.0642999999999998
"Silver hake",72,-12.2351,-12.5862,0.351100000000001,3.0869,3.2018,-0.1149
"Silver hake",72,-12.2351,-12.6221,0.387,3.0869,3.21099,-0.12409
"Silver hake",72,-12.6439,-12.4934,-0.150500000000001,3.2186,3.1512,0.0674000000000001
"Silver hake",72,-12.6439,-12.5862,-0.0577000000000005,3.2186,3.2018,0.0167999999999999
"Silver hake",72,-12.6439,-12.6221,-0.0218000000000007,3.2186,3.21099,0.00761000000000012
"Offshore hake",69,-12.2964,-12.2964,0,3.1323,3.1323,0
"Offshore hake",69,-12.2964,-11.5949,-0.701499999999999,3.1323,2.9323,0.2
"Fawn cusk-eel",194,-13.7333,-12.94296,-0.79034,3.2359,2.97184,0.26406
"Fawn cusk-eel",194,-13.7333,-12.82463,-0.908669999999999,3.2359,2.93256,0.30334
"Fawn cusk-eel",194,-13.7333,-13.3579,-0.375399999999999,3.2359,3.11461,0.12129
"Ocean pout",193,-13.5168,-13.6429,0.126099999999999,3.2995,3.3459,-0.0463999999999998
"Ocean pout",193,-13.6429,-13.6429,0,3.3459,3.3459,0
"Ocean pout",193,-13.686,-13.6429,-0.0431000000000008,3.3592,3.3459,0.0133000000000001
"Ocean pout",193,-13.6464,-13.6429,-0.00350000000000072,3.3442,3.3459,-0.00170000000000003
"Buckler dory",112,-11.3806,-11.3806,0,3.0387,3.0387,0
"Acadian redfish",155,-11.7005,-11.4401,-0.260400000000001,3.2036,3.1151,0.0884999999999998
"Acadian redfish",155,-11.7005,-11.7713,0.0708000000000002,3.2036,3.2297,-0.0261
"Acadian redfish",155,-11.7005,-11.7005,0,3.2036,3.2036,0
"Acadian redfish",155,-11.4401,-11.4401,0,3.1151,3.1151,0
"Acadian redfish",155,-11.4401,-11.7713,0.331200000000001,3.1151,3.2297,-0.1146
"Acadian redfish",155,-11.4401,-11.7005,0.260400000000001,3.1151,3.2036,-0.0884999999999998
"Acadian redfish",155,-11.7713,-11.4401,-0.331200000000001,3.2297,3.1151,0.1146
"Acadian redfish",155,-11.7713,-11.7713,0,3.2297,3.2297,0
"Acadian redfish",155,-11.7713,-11.7005,-0.0708000000000002,3.2297,3.2036,0.0261
"Blackbelly rosefish",156,-11.1324,-11.1324,0,3.0512,3.0512,0
"Northern searobin",171,-12.9982,-11.17267,-1.82553,3.4712,2.85468,0.61652
"Northern searobin",171,-12.9982,-11.74971,-1.24849,3.4712,3.04068,0.43052
"Northern searobin",171,-12.9982,-11.87467,-1.12353,3.4712,3.093,0.3782
"Sea raven",164,-11.542,-11.3646,-0.1774,3.1822,3.1551,0.0270999999999999
"Sea raven",164,-11.3646,-11.3646,0,3.1551,3.1551,0
"Sea raven",164,-11.5001,-11.3646,-0.1355,3.1822,3.1551,0.0270999999999999
"Sea raven",164,-11.1562,-11.3646,0.208399999999999,3.0726,3.1551,-0.0825
"Sea raven",164,-11.7441,-11.3646,-0.3795,3.259,3.1551,0.1039
"Longhorn sculpin",163,-11.8348,-11.8348,0,3.1067,3.1067,0
"Longhorn sculpin",163,-11.5589,-11.8348,0.2759,3.025,3.1067,-0.0817000000000001
"Longhorn sculpin",163,-11.6352,-11.8348,0.1996,3.0461,3.1067,-0.0606
"Longhorn sculpin",163,-11.733,-11.8348,0.101799999999999,3.08,3.1067,-0.0266999999999999
"Striped bass",139,-11.7959,-11.9776,0.181700000000001,3.1383,3.1998,-0.0615000000000001
"Striped bass",139,-11.7959,-11.7959,0,3.1383,3.1383,0
"Striped bass",139,-11.7959,-11.5476,-0.2483,3.1383,3.0627,0.0756000000000001
"Striped bass",139,-11.9776,-11.9776,0,3.1998,3.1998,0
"Striped bass",139,-11.9776,-11.7959,-0.181700000000001,3.1998,3.1383,0.0615000000000001
"Striped bass",139,-11.9776,-11.5476,-0.430000000000001,3.1998,3.0627,0.1371
"Striped bass",139,-11.5476,-11.9776,0.430000000000001,3.0627,3.1998,-0.1371
"Striped bass",139,-11.5476,-11.7959,0.2483,3.0627,3.1383,-0.0756000000000001
"Striped bass",139,-11.5476,-11.5476,0,3.0627,3.0627,0
"Striped bass",139,-11.3773,-11.9776,0.600300000000001,3.0139,3.1998,-0.1859
"Striped bass",139,-11.3773,-11.7959,0.4186,3.0139,3.1383,-0.1244
"Striped bass",139,-11.3773,-11.5476,0.170299999999999,3.0139,3.0627,-0.0488
"Striped bass",139,-10.8121,-11.9776,1.1655,2.8888,3.1998,-0.311
"Striped bass",139,-10.8121,-11.7959,0.9838,2.8888,3.1383,-0.2495
"Striped bass",139,-10.8121,-11.5476,0.7355,2.8888,3.0627,-0.1739
"Striped bass",139,-12.238,-11.9776,-0.260399999999999,3.2072,3.1998,0.00739999999999963
"Striped bass",139,-12.238,-11.7959,-0.4421,3.2072,3.1383,0.0688999999999997
"Striped bass",139,-12.238,-11.5476,-0.6904,3.2072,3.0627,0.1445
"Black sea bass",141,-11.2205,-11.1223,-0.0982000000000003,3.0225,2.97213,0.05037
"Black sea bass",141,-11.2205,-10.9315,-0.289,3.0225,2.90928,0.11322
"Black sea bass",141,-11.2205,-11.5992,0.3787,3.0225,3.122,-0.0994999999999999
"Black sea bass",141,-10.768,-11.1223,0.354299999999999,2.8679,2.97213,-0.10423
"Black sea bass",141,-10.768,-10.9315,0.163499999999999,2.8679,2.90928,-0.0413799999999998
"Black sea bass",141,-10.768,-11.5992,0.831199999999999,2.8679,3.122,-0.2541
"Black sea bass",141,-11.0314,-11.1223,0.0908999999999995,2.9709,2.97213,-0.00123000000000006
"Black sea bass",141,-11.0314,-10.9315,-0.0998999999999999,2.9709,2.90928,0.06162
"Black sea bass",141,-11.0314,-11.5992,0.5678,2.9709,3.122,-0.1511
"Black sea bass",141,-11.5992,-11.1223,-0.476900000000001,3.122,2.97213,0.14987
"Black sea bass",141,-11.5992,-10.9315,-0.6677,3.122,2.90928,0.21272
"Black sea bass",141,-11.5992,-11.5992,0,3.122,3.122,0
"Black sea bass",141,-11.4782,-11.1223,-0.3559,3.0743,2.97213,0.10217
"Black sea bass",141,-11.4782,-10.9315,-0.5467,3.0743,2.90928,0.16502
"Black sea bass",141,-11.4782,-11.5992,0.121,3.0743,3.122,-0.0476999999999999
"Bluefish",135,-10.5191,-10.5744,0.0553000000000008,2.8071,2.804,0.00310000000000032
"Bluefish",135,-10.5191,-11.0421,0.523,2.8071,2.9718,-0.1647
"Bluefish",135,-10.5191,-10.6743,0.155200000000001,2.8071,2.8647,-0.0575999999999999
"Bluefish",135,-10.5744,-10.5744,0,2.804,2.804,0
"Bluefish",135,-10.5744,-11.0421,0.467699999999999,2.804,2.9718,-0.1678
"Bluefish",135,-10.5744,-10.6743,0.0998999999999999,2.804,2.8647,-0.0607000000000002
"Bluefish",135,-11.4296,-10.5744,-0.8552,3.0548,2.804,0.2508
"Bluefish",135,-11.4296,-11.0421,-0.387500000000001,3.0548,2.9718,0.0830000000000002
"Bluefish",135,-11.4296,-10.6743,-0.7553,3.0548,2.8647,0.1901
"Greater amberjack",203,-9.8906,-10.0778,0.187200000000001,2.7221,2.83,-0.1079
"Greater amberjack",203,-9.8906,-10.9533,1.0627,2.7221,2.96,-0.2379
"Greater amberjack",203,-9.8906,-10.3343,0.443700000000002,2.7221,2.87,-0.1479
"Scup",143,-11.0698,-11.5033,0.433499999999999,3.1365,3.2446,-0.1081
"Scup",143,-11.5033,-11.5033,0,3.2446,3.2446,0
"Vermilion snapper",596,-11.2151,-11.2151,0,3.0106,3.0106,0
"Weakfish",145,-11.4157,-10.4779,-0.937799999999999,2.9575,2.731,0.2265
"Weakfish",145,-11.4157,-10.3596,-1.0561,2.9575,2.6992,0.2583
"Weakfish",145,-11.4157,-12.0264,0.610700000000001,2.9575,3.1338,-0.1763
"Weakfish",145,-11.3755,-10.4779,-0.897600000000001,2.9476,2.731,0.2166
"Weakfish",145,-11.3755,-10.3596,-1.0159,2.9476,2.6992,0.2484
"Weakfish",145,-11.3755,-12.0264,0.6509,2.9476,3.1338,-0.1862
"Weakfish",145,-11.4663,-10.4779,-0.9884,2.9724,2.731,0.2414
"Weakfish",145,-11.4663,-10.3596,-1.1067,2.9724,2.6992,0.2732
"Weakfish",145,-11.4663,-12.0264,0.5601,2.9724,3.1338,-0.1614
"Weakfish",145,-12.0264,-10.4779,-1.5485,3.1338,2.731,0.4028
"Weakfish",145,-12.0264,-10.3596,-1.6668,3.1338,2.6992,0.4346
"Weakfish",145,-12.0264,-12.0264,0,3.1338,3.1338,0
"Weakfish",145,-11.503,-10.4779,-1.0251,2.9903,2.731,0.2593
"Weakfish",145,-11.503,-10.3596,-1.1434,2.9903,2.6992,0.2911
"Weakfish",145,-11.503,-12.0264,0.523400000000001,2.9903,3.1338,-0.1435
"Spot",149,-11.0401,-11.0401,0,2.9481,2.9481,0
"Spot",149,-11.8524,-11.0401,-0.812299999999999,3.3175,2.9481,0.3694
"Southern kingfish",652,-12.9112,-11.8583,-1.0529,3.4493,3.13,0.3193
"Southern kingfish",652,-12.9112,-12.9112,0,3.4493,3.4493,0
"Southern kingfish",652,-12.9112,-11.7202,-1.191,3.4493,3.19,0.2593
"Northern kingfish",146,-12.4904,-12.29247,-0.197929999999999,3.2785,3.25342,0.02508
"Northern kingfish",146,-12.4904,-11.61888,-0.871519999999999,3.2785,3.05365,0.22485
"Northern kingfish",146,-12.4904,-12.1033,-0.387099999999998,3.2785,3.18911,0.0893900000000003
"Atlantic croaker",136,-11.5983,-11.5983,0,3.0924,3.0924,0
"Atlantic spadefish",659,-10.1466,-10.1466,0,2.938,2.938,0
"Tautog",177,-10.9649,-10.99159,0.0266900000000003,3.0443,3.04206,0.00223999999999958
"Tautog",177,-10.9649,-10.98528,0.0203799999999994,3.0443,3.03463,0.00966999999999985
"Tautog",177,-10.9649,-11.08032,0.11542,3.0443,3.07226,-0.0279600000000002
"Cunner",176,-11.1034,-11.4529,0.349499999999999,3.0162,3.16067,-0.14447
"Cunner",176,-11.1034,-11.5785,0.475099999999999,3.0162,3.2117,-0.1955
"Cunner",176,-11.1034,-11.1034,0,3.0162,3.0162,0
"Cunner",176,-11.195,-11.4529,0.257899999999999,3.0416,3.16067,-0.11907
"Cunner",176,-11.195,-11.5785,0.3835,3.0416,3.2117,-0.1701
"Cunner",176,-11.195,-11.1034,-0.0915999999999997,3.0416,3.0162,0.0253999999999999
"Cunner",176,-11.3943,-11.4529,0.0586000000000002,3.1311,3.16067,-0.0295700000000001
"Cunner",176,-11.3943,-11.5785,0.184200000000001,3.1311,3.2117,-0.0806
"Cunner",176,-11.3943,-11.1034,-0.290899999999999,3.1311,3.0162,0.1149
"Atlantic wolffish",192,-12.2186,-12.2186,0,3.1439,3.1439,0
"Atlantic wolffish",192,-12.2186,-12.4215,0.2029,3.1439,3.204004,-0.0601039999999999
"Atlantic wolffish",192,-12.2186,-11.0674,-1.1512,3.1439,2.879549,0.264351
"Atlantic mackerel",121,-12.6661,-12.7288,0.0626999999999995,3.3128,3.3305,-0.0176999999999996
"Atlantic mackerel",121,-12.6661,-12.6376,-0.0284999999999993,3.3128,3.3006,0.0122
"Atlantic mackerel",121,-12.6661,-12.6713,0.00520000000000032,3.3128,3.3119,0.000900000000000123
"Atlantic mackerel",121,-12.6713,-12.7288,0.0574999999999992,3.3119,3.3305,-0.0185999999999997
"Atlantic mackerel",121,-12.6713,-12.6376,-0.0336999999999996,3.3119,3.3006,0.0112999999999999
"Atlantic mackerel",121,-12.6713,-12.6713,0,3.3119,3.3119,0
"Atlantic mackerel",121,-12.7288,-12.7288,0,3.3305,3.3305,0
"Atlantic mackerel",121,-12.7288,-12.6376,-0.0911999999999988,3.3305,3.3006,0.0298999999999996
"Atlantic mackerel",121,-12.7288,-12.6713,-0.0574999999999992,3.3305,3.3119,0.0185999999999997
"Atlantic mackerel",121,-12.6376,-12.7288,0.0911999999999988,3.3006,3.3305,-0.0298999999999996
"Atlantic mackerel",121,-12.6376,-12.6376,0,3.3006,3.3006,0
"Atlantic mackerel",121,-12.6376,-12.6713,0.0336999999999996,3.3006,3.3119,-0.0112999999999999
"Atlantic mackerel",121,-12.3766,-12.7288,0.3522,3.2615,3.3305,-0.069
"Atlantic mackerel",121,-12.3766,-12.6376,0.261000000000001,3.2615,3.3006,-0.0391000000000004
"Atlantic mackerel",121,-12.3766,-12.6713,0.294700000000001,3.2615,3.3119,-0.0504000000000002
"Spanish mackerel",121,-11.6374,-12.7288,1.0914,3.0242,3.3305,-0.3063
"Spanish mackerel",121,-11.6374,-12.6376,1.0002,3.0242,3.3006,-0.2764
"Spanish mackerel",121,-11.6374,-12.6713,1.0339,3.0242,3.3119,-0.2877
"Butterfish",131,-10.6315,-11.6824,1.0509,2.9225,3.293,-0.3705
"Butterfish",131,-11.6824,-11.6824,0,3.293,3.293,0
"Summer flounder",103,-12.2841,-12.1197,-0.164400000000001,3.2156,3.1602,0.0553999999999997
"Summer flounder",103,-12.2841,-12.1866,-0.0975000000000001,3.2156,3.1759,0.0396999999999998
"Summer flounder",103,-12.2841,-12.1424,-0.1417,3.2156,3.1651,0.0505
"Summer flounder",103,-12.3572,-12.1197,-0.237500000000001,3.2394,3.1602,0.0791999999999997
"Summer flounder",103,-12.3572,-12.1866,-0.1706,3.2394,3.1759,0.0634999999999999
"Summer flounder",103,-12.3572,-12.1424,-0.2148,3.2394,3.1651,0.0743
"Summer flounder",103,-12.4203,-12.1197,-0.300599999999999,3.2488,3.1602,0.0886
"Summer flounder",103,-12.4203,-12.1866,-0.233699999999999,3.2488,3.1759,0.0729000000000002
"Summer flounder",103,-12.4203,-12.1424,-0.277899999999999,3.2488,3.1651,0.0837000000000003
"Summer flounder",103,-12.1424,-12.1197,-0.0227000000000004,3.1651,3.1602,0.00489999999999968
"Summer flounder",103,-12.1424,-12.1866,0.0442,3.1651,3.1759,-0.0108000000000001
"Summer flounder",103,-12.1424,-12.1424,0,3.1651,3.1651,0
"Summer flounder",103,-12.1197,-12.1197,0,3.1602,3.1602,0
"Summer flounder",103,-12.1197,-12.1866,0.0669000000000004,3.1602,3.1759,-0.0156999999999998
"Summer flounder",103,-12.1197,-12.1424,0.0227000000000004,3.1602,3.1651,-0.00489999999999968
"Summer flounder",103,-12.1866,-12.1197,-0.0669000000000004,3.1759,3.1602,0.0156999999999998
"Summer flounder",103,-12.1866,-12.1866,0,3.1759,3.1759,0
"Summer flounder",103,-12.1866,-12.1424,-0.0442,3.1759,3.1651,0.0108000000000001
"Summer flounder",103,-12.3861,-12.1197,-0.266400000000001,3.2305,3.1602,0.0703
"Summer flounder",103,-12.3861,-12.1866,-0.1995,3.2305,3.1759,0.0546000000000002
"Summer flounder",103,-12.3861,-12.1424,-0.2437,3.2305,3.1651,0.0654000000000003
"Summer flounder",103,-12.3825,-12.1197,-0.2628,3.2323,3.1602,0.0720999999999998
"Summer flounder",103,-12.3825,-12.1866,-0.1959,3.2323,3.1759,0.0564
"Summer flounder",103,-12.3825,-12.1424,-0.2401,3.2323,3.1651,0.0672000000000001
"Summer flounder",103,-12.4887,-12.1197,-0.369,3.2563,3.1602,0.0960999999999999
"Summer flounder",103,-12.4887,-12.1866,-0.302099999999999,3.2563,3.1759,0.0804
"Summer flounder",103,-12.4887,-12.1424,-0.346299999999999,3.2563,3.1651,0.0912000000000002
"Fourspot flounder",104,-12.3202,-12.3202,0,3.1463,3.1463,0
"Fourspot flounder",104,-12.3202,-12.2648,-0.0554000000000006,3.1463,3.1239,0.0224000000000002
"Fourspot flounder",104,-12.3202,-12.5568,0.236600000000001,3.1463,3.2213,-0.0749999999999997
"Fourspot flounder",104,-12.2648,-12.3202,0.0554000000000006,3.1239,3.1463,-0.0224000000000002
"Fourspot flounder",104,-12.2648,-12.2648,0,3.1239,3.1239,0
"Fourspot flounder",104,-12.2648,-12.5568,0.292000000000002,3.1239,3.2213,-0.0973999999999999
"Fourspot flounder",104,-12.5568,-12.3202,-0.236600000000001,3.2213,3.1463,0.0749999999999997
"Fourspot flounder",104,-12.5568,-12.2648,-0.292000000000002,3.2213,3.1239,0.0973999999999999
"Fourspot flounder",104,-12.5568,-12.5568,0,3.2213,3.2213,0
"Fourspot flounder",104,-12.816,-12.3202,-0.495800000000001,3.2932,3.1463,0.1469
"Fourspot flounder",104,-12.816,-12.2648,-0.551200000000001,3.2932,3.1239,0.1693
"Fourspot flounder",104,-12.816,-12.5568,-0.2592,3.2932,3.2213,0.0719000000000003
"Fourspot flounder",104,-12.8046,-12.3202,-0.484400000000001,3.2835,3.1463,0.1372
"Fourspot flounder",104,-12.8046,-12.2648,-0.539800000000001,3.2835,3.1239,0.1596
"Fourspot flounder",104,-12.8046,-12.5568,-0.2478,3.2835,3.2213,0.0622000000000003
"Fourspot flounder",104,-12.9049,-12.3202,-0.5847,3.3227,3.1463,0.1764
"Fourspot flounder",104,-12.9049,-12.2648,-0.6401,3.3227,3.1239,0.1988
"Fourspot flounder",104,-12.9049,-12.5568,-0.348099999999999,3.3227,3.2213,0.1014
"Windowpane flounder",108,-11.0093,-11.769,0.7597,2.8721,3.1293,-0.2572
"Windowpane flounder",108,-11.0093,-11.305,0.2957,2.8721,2.9781,-0.106
"Windowpane flounder",108,-11.0093,-11.3526,0.343300000000001,2.8721,2.9982,-0.1261
"Windowpane flounder",108,-10.9828,-11.769,0.786200000000001,2.8633,3.1293,-0.266
"Windowpane flounder",108,-10.9828,-11.305,0.3222,2.8633,2.9781,-0.1148
"Windowpane flounder",108,-10.9828,-11.3526,0.369800000000001,2.8633,2.9982,-0.1349
"Windowpane flounder",108,-10.8411,-11.769,0.927899999999999,2.8221,3.1293,-0.3072
"Windowpane flounder",108,-10.8411,-11.305,0.463899999999999,2.8221,2.9781,-0.156
"Windowpane flounder",108,-10.8411,-11.3526,0.5115,2.8221,2.9982,-0.1761
"Windowpane flounder",108,-11.3526,-11.769,0.416399999999999,2.9982,3.1293,-0.1311
"Windowpane flounder",108,-11.3526,-11.305,-0.047600000000001,2.9982,2.9781,0.0201000000000002
"Windowpane flounder",108,-11.3526,-11.3526,0,2.9982,2.9982,0
"Windowpane flounder",108,-11.305,-11.769,0.464,2.9781,3.1293,-0.1512
"Windowpane flounder",108,-11.305,-11.305,0,2.9781,2.9781,0
"Windowpane flounder",108,-11.305,-11.3526,0.047600000000001,2.9781,2.9982,-0.0201000000000002
"Windowpane flounder",108,-11.769,-11.769,0,3.1293,3.1293,0
"Windowpane flounder",108,-11.769,-11.305,-0.464,3.1293,2.9781,0.1512
"Windowpane flounder",108,-11.769,-11.3526,-0.416399999999999,3.1293,2.9982,0.1311
"Windowpane flounder",108,-11.5177,-11.769,0.251300000000001,3.0418,3.1293,-0.0875000000000004
"Windowpane flounder",108,-11.5177,-11.305,-0.2127,3.0418,2.9781,0.0636999999999999
"Windowpane flounder",108,-11.5177,-11.3526,-0.165099999999999,3.0418,2.9982,0.0435999999999996
"Witch flounder",107,-13.2151,-13.2151,0,3.3289,3.3289,0
"Witch flounder",107,-13.2151,-13.2706,0.0555000000000003,3.3289,3.3576,-0.0287000000000002
"Witch flounder",107,-13.2151,-13.4522,0.2371,3.3289,3.41139,-0.08249
"Witch flounder",107,-12.7334,-13.2151,0.4817,3.1997,3.3289,-0.1292
"Witch flounder",107,-12.7334,-13.2706,0.5372,3.1997,3.3576,-0.1579
"Witch flounder",107,-12.7334,-13.4522,0.7188,3.1997,3.41139,-0.21169
"American plaice",102,-12.7492,-12.7168,-0.0324000000000009,3.3062,3.279,0.0272000000000001
"American plaice",102,-12.7492,-12.9811,0.2319,3.3062,3.3641,-0.0579000000000001
"American plaice",102,-12.7492,-12.8117,0.0625,3.3062,3.3125,-0.00629999999999997
"American plaice",102,-12.8117,-12.7168,-0.0949000000000009,3.3125,3.279,0.0335000000000001
"American plaice",102,-12.8117,-12.9811,0.1694,3.3125,3.3641,-0.0516000000000001
"American plaice",102,-12.8117,-12.8117,0,3.3125,3.3125,0
"American plaice",102,-12.7168,-12.7168,0,3.279,3.279,0
"American plaice",102,-12.7168,-12.9811,0.2643,3.279,3.3641,-0.0851000000000002
"American plaice",102,-12.7168,-12.8117,0.0949000000000009,3.279,3.3125,-0.0335000000000001
"American plaice",102,-12.9811,-12.7168,-0.2643,3.3641,3.279,0.0851000000000002
"American plaice",102,-12.9811,-12.9811,0,3.3641,3.3641,0
"American plaice",102,-12.9811,-12.8117,-0.1694,3.3641,3.3125,0.0516000000000001
"Yellowtail flounder",105,-11.8381,-11.7347,-0.103400000000001,3.0559,3.0161,0.0398000000000001
"Yellowtail flounder",105,-11.8381,-12.7073,0.869199999999999,3.0559,3.3235,-0.2676
"Yellowtail flounder",105,-11.8381,-12.3581,0.52,3.0559,3.2099,-0.154
"Yellowtail flounder",105,-11.6605,-11.7347,0.0741999999999994,2.9983,3.0161,-0.0177999999999998
"Yellowtail flounder",105,-11.6605,-12.7073,1.0468,2.9983,3.3235,-0.3252
"Yellowtail flounder",105,-11.6605,-12.3581,0.6976,2.9983,3.2099,-0.2116
"Yellowtail flounder",105,-11.9764,-11.7347,-0.2417,3.0995,3.0161,0.0834000000000001
"Yellowtail flounder",105,-11.9764,-12.7073,0.7309,3.0995,3.3235,-0.224
"Yellowtail flounder",105,-11.9764,-12.3581,0.3817,3.0995,3.2099,-0.1104
"Yellowtail flounder",105,-12.3581,-11.7347,-0.6234,3.2099,3.0161,0.1938
"Yellowtail flounder",105,-12.3581,-12.7073,0.3492,3.2099,3.3235,-0.1136
"Yellowtail flounder",105,-12.3581,-12.3581,0,3.2099,3.2099,0
"Yellowtail flounder",105,-11.7347,-11.7347,0,3.0161,3.0161,0
"Yellowtail flounder",105,-11.7347,-12.7073,0.9726,3.0161,3.3235,-0.3074
"Yellowtail flounder",105,-11.7347,-12.3581,0.6234,3.0161,3.2099,-0.1938
"Yellowtail flounder",105,-12.7073,-11.7347,-0.9726,3.3235,3.0161,0.3074
"Yellowtail flounder",105,-12.7073,-12.7073,0,3.3235,3.3235,0
"Yellowtail flounder",105,-12.7073,-12.3581,-0.3492,3.3235,3.2099,0.1136
"Yellowtail flounder",105,-12.4209,-11.7347,-0.686199999999999,3.2408,3.0161,0.2247
"Yellowtail flounder",105,-12.4209,-12.7073,0.2864,3.2408,3.3235,-0.0827
"Yellowtail flounder",105,-12.4209,-12.3581,-0.0627999999999993,3.2408,3.2099,0.0308999999999999
"Yellowtail flounder",105,-12.0924,-11.7347,-0.357699999999999,3.1314,3.0161,0.1153
"Yellowtail flounder",105,-12.0924,-12.7073,0.6149,3.1314,3.3235,-0.1921
"Yellowtail flounder",105,-12.0924,-12.3581,0.265700000000001,3.1314,3.2099,-0.0785
"Yellowtail flounder",105,-12.9148,-11.7347,-1.1801,3.3898,3.0161,0.3737
"Yellowtail flounder",105,-12.9148,-12.7073,-0.2075,3.3898,3.3235,0.0663
"Yellowtail flounder",105,-12.9148,-12.3581,-0.556699999999999,3.3898,3.2099,0.1799
"Winter flounder",106,-11.6892,-11.2363,-0.4529,3.1189,2.9636,0.1553
"Winter flounder",106,-11.6892,-11.4598,-0.2294,3.1189,3.0457,0.0731999999999999
"Winter flounder",106,-11.6892,-11.4718,-0.2174,3.1189,3.0431,0.0758000000000001
"Winter flounder",106,-11.4862,-11.2363,-0.2499,3.0459,2.9636,0.0823
"Winter flounder",106,-11.4862,-11.4598,-0.0264000000000006,3.0459,3.0457,0.000199999999999978
"Winter flounder",106,-11.4862,-11.4718,-0.0144000000000002,3.0459,3.0431,0.00280000000000014
"Winter flounder",106,-11.8906,-11.2363,-0.654299999999999,3.185,2.9636,0.2214
"Winter flounder",106,-11.8906,-11.4598,-0.4308,3.185,3.0457,0.1393
"Winter flounder",106,-11.8906,-11.4718,-0.418799999999999,3.185,3.0431,0.1419
"Winter flounder",106,-11.4718,-11.2363,-0.2355,3.0431,2.9636,0.0794999999999999
"Winter flounder",106,-11.4718,-11.4598,-0.0120000000000005,3.0431,3.0457,-0.00260000000000016
"Winter flounder",106,-11.4718,-11.4718,0,3.0431,3.0431,0
"Winter flounder",106,-11.2363,-11.2363,0,2.9636,2.9636,0
"Winter flounder",106,-11.2363,-11.4598,0.2235,2.9636,3.0457,-0.0821000000000001
"Winter flounder",106,-11.2363,-11.4718,0.2355,2.9636,3.0431,-0.0794999999999999
"Winter flounder",106,-11.4598,-11.2363,-0.2235,3.0457,2.9636,0.0821000000000001
"Winter flounder",106,-11.4598,-11.4598,0,3.0457,3.0457,0
"Winter flounder",106,-11.4598,-11.4718,0.0120000000000005,3.0457,3.0431,0.00260000000000016
"Winter flounder",106,-11.6356,-11.2363,-0.3993,3.1091,2.9636,0.1455
"Winter flounder",106,-11.6356,-11.4598,-0.175800000000001,3.1091,3.0457,0.0634000000000001
"Winter flounder",106,-11.6356,-11.4718,-0.1638,3.1091,3.0431,0.0660000000000003
"Winter flounder",106,-11.4725,-11.2363,-0.2362,3.0584,2.9636,0.0947999999999998
"Winter flounder",106,-11.4725,-11.4598,-0.0127000000000006,3.0584,3.0457,0.0126999999999997
"Winter flounder",106,-11.4725,-11.4718,-0.000700000000000145,3.0584,3.0431,0.0152999999999999
"Winter flounder",106,-11.7022,-11.2363,-0.4659,3.1297,2.9636,0.1661
"Winter flounder",106,-11.7022,-11.4598,-0.2424,3.1297,3.0457,0.0840000000000001
"Winter flounder",106,-11.7022,-11.4718,-0.230399999999999,3.1297,3.0431,0.0866000000000002
"Atlantic halibut",101,-12.5865,-12.0186,-0.5679,3.2674,3.14583,0.12157
"Atlantic halibut",101,-12.5865,-11.9883,-0.598199999999999,3.2674,3.13871,0.12869
"Atlantic halibut",101,-12.5865,-12.5865,0,3.2674,3.2674,0
"Atlantic halibut",101,-12.1813,-12.0186,-0.162700000000001,3.1904,3.14583,0.0445699999999998
"Atlantic halibut",101,-12.1813,-11.9883,-0.193,3.1904,3.13871,0.0516899999999998
"Atlantic halibut",101,-12.1813,-12.5865,0.405199999999999,3.1904,3.2674,-0.077
